,rendered_character,simplified_character,period,image_ID,dataset,scale_method,skeletonise_method,perimetric_complexity,pixel_complexity
0,一,一,Bronze,B00001,hzy,stretch,lee,127.58113593871548,416.0
1,一,一,Bronze,B00002,hzy,stretch,lee,124.45122621415804,431.0
2,一,一,Bronze,B00003,hzy,stretch,lee,123.13956550423836,370.0
3,一,一,Bronze,B00004,hzy,stretch,lee,122.67006786687496,377.0
4,一,一,Bronze,B00005,hzy,stretch,lee,132.56273288131712,431.0
5,一,一,Bronze,B00006,hzy,stretch,lee,140.16330888799956,465.0
6,一,一,Bronze,B00007,hzy,stretch,lee,137.127926017893,523.0
7,一,一,Bronze,B00008,hzy,stretch,lee,124.71926099210964,447.0
8,一,一,Bronze,B00009,hzy,stretch,lee,154.62133314319556,579.0
9,一,一,Bronze,B00010,hzy,stretch,lee,120.05445966199038,405.0
10,一,一,Bronze,B00011,hzy,stretch,lee,123.45975287201787,453.0
11,一,一,Bronze,B00012,hzy,stretch,lee,138.85990176552392,457.0
12,一,一,Bronze,B00013,hzy,stretch,lee,248.04356521725992,965.0
13,一,一,Bronze,B00014,hzy,stretch,lee,136.89982930545543,506.0
14,一,一,Bronze,B00015,hzy,stretch,lee,98.1590595210636,356.0
15,一,一,Oracle,J00001,hzy,stretch,lee,218.91557454970703,811.0
16,一,一,Oracle,J00002,hzy,stretch,lee,190.57506254279983,692.0
17,一,一,Seal,S00001,hzy,stretch,lee,142.05596719628156,469.0
18,丁,丁,Bronze,B20292,hzy,stretch,lee,32.95145906650441,72.0
19,丁,丁,Bronze,B20293,hzy,stretch,lee,18.04490352424861,59.0
20,丁,丁,Bronze,B20294,hzy,stretch,lee,173.45508274363507,637.0
21,丁,丁,Bronze,B20295,hzy,stretch,lee,134.65920100308847,506.0
22,丁,丁,Bronze,B20296,hzy,stretch,lee,21.37945556493224,74.0
23,丁,丁,Bronze,B20297,hzy,stretch,lee,161.40306192520137,640.0
24,丁,丁,Bronze,B20298,hzy,stretch,lee,107.23033605416109,389.0
25,丁,丁,Bronze,B20299,hzy,stretch,lee,66.21517345991623,258.0
26,丁,丁,Bronze,B20300,hzy,stretch,lee,388.9991979777754,1567.0
27,丁,丁,Bronze,B20301,hzy,stretch,lee,146.2683501078615,478.0
28,丁,丁,Bronze,B20302,hzy,stretch,lee,282.1723598093529,1139.0
29,丁,丁,Bronze,B20303,hzy,stretch,lee,137.0107194596804,539.0
30,丁,丁,Bronze,B20304,hzy,stretch,lee,253.83493999857785,939.0
31,丁,丁,Bronze,B20305,hzy,stretch,lee,293.07389707083684,1202.0
32,丁,丁,Bronze,B20306,hzy,stretch,lee,239.84172388242067,998.0
33,丁,丁,Bronze,B20307,hzy,stretch,lee,97.83159333982334,268.0
34,丁,丁,Bronze,B20308,hzy,stretch,lee,170.20738359792256,636.0
35,丁,丁,Bronze,B20309,hzy,stretch,lee,164.25296884602704,588.0
36,丁,丁,Bronze,B20310,hzy,stretch,lee,136.10029170991655,448.0
37,丁,丁,Bronze,B20311,hzy,stretch,lee,254.58837805562024,973.0
38,丁,丁,Bronze,B20312,hzy,stretch,lee,120.7466993768838,377.0
39,丁,丁,Bronze,B20313,hzy,stretch,lee,254.97551566536907,933.0
40,丁,丁,Bronze,B20314,hzy,stretch,lee,243.90785894879536,915.0
41,丁,丁,Bronze,B20315,hzy,stretch,lee,242.9286934915953,847.0
42,丁,丁,Bronze,B20316,hzy,stretch,lee,243.5538939651027,877.0
43,丁,丁,Oracle,J30153,hzy,stretch,lee,241.60496930589352,953.0
44,丁,丁,Oracle,J30154,hzy,stretch,lee,243.43253799692985,847.0
45,丁,丁,Oracle,J30155,hzy,stretch,lee,246.35191205513044,972.0
46,丁,丁,Oracle,J30156,hzy,stretch,lee,238.0189599315483,806.0
47,丁,丁,Oracle,J30157,hzy,stretch,lee,241.1273405015759,827.0
48,丁,丁,Oracle,J30158,hzy,stretch,lee,241.20028248852617,970.0
49,丁,丁,Oracle,J30159,hzy,stretch,lee,133.2552678139288,483.0
50,丁,丁,Oracle,J30160,hzy,stretch,lee,238.40618659528647,804.0
51,丁,丁,Oracle,J30161,hzy,stretch,lee,243.02228063267628,870.0
52,丁,丁,Oracle,J30162,hzy,stretch,lee,240.70103885701047,780.0
53,丁,丁,Oracle,J30163,hzy,stretch,lee,247.6873421644248,1002.0
54,丁,丁,Oracle,J30164,hzy,stretch,lee,243.86311957956977,892.0
55,丁,丁,Oracle,J30165,hzy,stretch,lee,249.5900444330437,1000.0
56,丁,丁,Oracle,J30166,hzy,stretch,lee,248.30122569879111,995.0
57,丁,丁,Oracle,J30167,hzy,stretch,lee,224.40454441344235,892.0
58,丁,丁,Oracle,J30168,hzy,stretch,lee,245.5917048079457,946.0
59,丁,丁,Oracle,J30169,hzy,stretch,lee,243.31699807835105,839.0
60,丁,丁,Oracle,J30170,hzy,stretch,lee,240.5372320715808,933.0
61,丁,丁,Oracle,J30171,hzy,stretch,lee,245.18058511028,945.0
62,丁,丁,Oracle,J30172,hzy,stretch,lee,248.8527861167664,942.0
63,丁,丁,Oracle,J30173,hzy,stretch,lee,234.9397178155625,927.0
64,丁,丁,Oracle,J30174,hzy,stretch,lee,252.71490775891783,1053.0
65,丁,丁,Oracle,J30175,hzy,stretch,lee,113.31158276426156,420.0
66,丁,丁,Oracle,J30176,hzy,stretch,lee,260.3972059092912,895.0
67,丁,丁,Oracle,J30177,hzy,stretch,lee,247.0910178434065,965.0
68,丁,丁,Oracle,J30178,hzy,stretch,lee,245.4690355669373,980.0
69,丁,丁,Oracle,J30179,hzy,stretch,lee,249.3738023528361,1032.0
70,丁,丁,Oracle,J30180,hzy,stretch,lee,243.53276891343228,1003.0
71,丁,丁,Oracle,J30181,hzy,stretch,lee,256.4889016187695,1003.0
72,丁,丁,Oracle,J30182,hzy,stretch,lee,247.0405880659576,979.0
73,丁,丁,Oracle,J30183,hzy,stretch,lee,246.44582141909365,987.0
74,丁,丁,Oracle,J30184,hzy,stretch,lee,249.4588604196395,1042.0
75,丁,丁,Oracle,J30185,hzy,stretch,lee,245.53341710295547,970.0
76,丁,丁,Oracle,J30186,hzy,stretch,lee,243.7424892280624,920.0
77,丁,丁,Oracle,J30187,hzy,stretch,lee,246.73973347930885,996.0
78,丁,丁,Oracle,J30188,hzy,stretch,lee,251.14557898409623,1027.0
79,丁,丁,Oracle,J30189,hzy,stretch,lee,246.34956733879304,984.0
80,丁,丁,Oracle,J30190,hzy,stretch,lee,245.9751422278072,946.0
81,丁,丁,Oracle,J30191,hzy,stretch,lee,247.92084558337464,989.0
82,丁,丁,Oracle,J30192,hzy,stretch,lee,180.786943510735,671.0
83,丁,丁,Oracle,J30193,hzy,stretch,lee,246.5104710160529,989.0
84,丁,丁,Oracle,J30194,hzy,stretch,lee,247.48004188037527,984.0
85,丁,丁,Oracle,J30195,hzy,stretch,lee,248.01467597032948,1025.0
86,丁,丁,Oracle,J30196,hzy,stretch,lee,250.1581866017478,985.0
87,丁,丁,Oracle,J30197,hzy,stretch,lee,252.9753859485756,1026.0
88,丁,丁,Oracle,J30198,hzy,stretch,lee,239.24184870107308,921.0
89,丁,丁,Oracle,J30199,hzy,stretch,lee,247.82133261063564,1006.0
90,丁,丁,Oracle,J30200,hzy,stretch,lee,245.5234782652736,957.0
91,丁,丁,Oracle,J30201,hzy,stretch,lee,246.26061134260112,969.0
92,丁,丁,Oracle,J30202,hzy,stretch,lee,226.8888260779139,899.0
93,丁,丁,Oracle,J30203,hzy,stretch,lee,244.28358780413032,926.0
94,丁,丁,Oracle,J30204,hzy,stretch,lee,231.82237805032847,892.0
95,丁,丁,Oracle,J30205,hzy,stretch,lee,244.9969671877795,952.0
96,丁,丁,Oracle,J30206,hzy,stretch,lee,248.1071928681431,1025.0
97,丁,丁,Oracle,J30207,hzy,stretch,lee,252.87476622299627,1034.0
98,丁,丁,Oracle,J30208,hzy,stretch,lee,246.6409122685348,993.0
99,丁,丁,Oracle,J30209,hzy,stretch,lee,244.90915176037183,924.0
100,丁,丁,Oracle,J30210,hzy,stretch,lee,253.1712328670896,984.0
101,丁,丁,Oracle,J30211,hzy,stretch,lee,245.92796244082163,1031.0
102,丁,丁,Oracle,J30212,hzy,stretch,lee,217.95368579398692,848.0
103,丁,丁,Oracle,J30213,hzy,stretch,lee,251.2611287349841,1033.0
104,丁,丁,Oracle,J30214,hzy,stretch,lee,251.40267033971992,898.0
105,丁,丁,Oracle,J30215,hzy,stretch,lee,250.16514987349427,1009.0
106,丁,丁,Oracle,J30216,hzy,stretch,lee,197.41562730867565,722.0
107,丁,丁,Oracle,J30217,hzy,stretch,lee,247.8342127679772,974.0
108,丁,丁,Oracle,J30218,hzy,stretch,lee,244.80686691028103,916.0
109,丁,丁,Oracle,J30219,hzy,stretch,lee,243.7680106027064,921.0
110,丁,丁,Oracle,J30220,hzy,stretch,lee,243.3735317865045,843.0
111,丁,丁,Oracle,J30221,hzy,stretch,lee,215.41474695269287,861.0
112,丁,丁,Oracle,J30222,hzy,stretch,lee,243.7122488124089,937.0
113,丁,丁,Oracle,J30223,hzy,stretch,lee,176.69238181664883,681.0
114,丁,丁,Oracle,J30224,hzy,stretch,lee,246.32137726101087,971.0
115,丁,丁,Oracle,J30225,hzy,stretch,lee,247.60657352054224,988.0
116,丁,丁,Oracle,J30226,hzy,stretch,lee,247.29430752591185,990.0
117,丁,丁,Oracle,J30227,hzy,stretch,lee,250.94043360466588,1021.0
118,丁,丁,Oracle,J30228,hzy,stretch,lee,220.4761543725262,881.0
119,丁,丁,Oracle,J30229,hzy,stretch,lee,245.3723920444827,938.0
120,丁,丁,Oracle,J30230,hzy,stretch,lee,246.97864974648405,1014.0
121,丁,丁,Oracle,J30231,hzy,stretch,lee,250.75027124231863,1029.0
122,丁,丁,Oracle,J30232,hzy,stretch,lee,247.2467089445476,1000.0
123,丁,丁,Oracle,J30233,hzy,stretch,lee,247.22491304834057,1021.0
124,丁,丁,Oracle,J30234,hzy,stretch,lee,243.0477290995998,969.0
125,丁,丁,Oracle,J30235,hzy,stretch,lee,246.03070966536504,948.0
126,丁,丁,Oracle,J30236,hzy,stretch,lee,247.5952180525091,1021.0
127,丁,丁,Oracle,J30237,hzy,stretch,lee,241.1646265809865,991.0
128,丁,丁,Oracle,J30238,hzy,stretch,lee,248.33665942848887,1021.0
129,丁,丁,Oracle,J30239,hzy,stretch,lee,245.45380282106643,941.0
130,丁,丁,Oracle,J30240,hzy,stretch,lee,245.18675208028668,980.0
131,丁,丁,Oracle,J30241,hzy,stretch,lee,242.0061713786573,790.0
132,丁,丁,Oracle,J30242,hzy,stretch,lee,251.85009128536257,1003.0
133,丁,丁,Oracle,J30243,hzy,stretch,lee,242.18092823270345,904.0
134,丁,丁,Oracle,J30244,hzy,stretch,lee,247.5952180525091,1021.0
135,丁,丁,Oracle,J30245,hzy,stretch,lee,251.45382305756505,1014.0
136,丁,丁,Oracle,J30246,hzy,stretch,lee,236.5876464482788,925.0
137,丁,丁,Oracle,J30247,hzy,stretch,lee,245.61159232161407,960.0
138,丁,丁,Oracle,J30248,hzy,stretch,lee,248.54236692316204,1047.0
139,丁,丁,Oracle,J30249,hzy,stretch,lee,227.0812608116468,851.0
140,丁,丁,Oracle,J30250,hzy,stretch,lee,246.1702263549296,966.0
141,丁,丁,Oracle,J30251,hzy,stretch,lee,246.1702263549296,966.0
142,丁,丁,Oracle,J30252,hzy,stretch,lee,247.9210510948052,932.0
143,丁,丁,Oracle,J30253,hzy,stretch,lee,246.08076565029216,963.0
144,丁,丁,Oracle,J30254,hzy,stretch,lee,247.2467089445476,1000.0
145,丁,丁,Oracle,J30255,hzy,stretch,lee,220.92290489508687,889.0
146,丁,丁,Oracle,J30256,hzy,stretch,lee,220.2101701246502,812.0
147,丁,丁,Oracle,J30257,hzy,stretch,lee,243.6917997865974,918.0
148,丁,丁,Oracle,J30258,hzy,stretch,lee,248.7245451159411,972.0
149,丁,丁,Oracle,J30259,hzy,stretch,lee,244.7479898912065,929.0
150,丁,丁,Oracle,J30260,hzy,stretch,lee,242.42630898016515,816.0
151,丁,丁,Oracle,J30261,hzy,stretch,lee,241.6945089573665,804.0
152,丁,丁,Oracle,J30262,hzy,stretch,lee,249.29657542553977,1011.0
153,丁,丁,Oracle,J30263,hzy,stretch,lee,244.66278028428152,947.0
154,丁,丁,Oracle,J30264,hzy,stretch,lee,232.64974242103608,970.0
155,丁,丁,Oracle,J30265,hzy,stretch,lee,224.3502996214617,881.0
156,丁,丁,Oracle,J30266,hzy,stretch,lee,211.2093392693511,829.0
157,丁,丁,Oracle,J30267,hzy,stretch,lee,249.50146259598256,952.0
158,丁,丁,Oracle,J30268,hzy,stretch,lee,222.65212075340327,896.0
159,丁,丁,Oracle,J30269,hzy,stretch,lee,242.47271160563528,908.0
160,丁,丁,Oracle,J30270,hzy,stretch,lee,246.16914640040028,939.0
161,丁,丁,Oracle,J30271,hzy,stretch,lee,223.062344251248,773.0
162,丁,丁,Oracle,J30272,hzy,stretch,lee,249.69167565735287,1006.0
163,丁,丁,Oracle,J30273,hzy,stretch,lee,262.4068636778675,1023.0
164,丁,丁,Oracle,J30274,hzy,stretch,lee,222.8914912705326,906.0
165,丁,丁,Oracle,J30275,hzy,stretch,lee,178.38278205043756,703.0
166,丁,丁,Oracle,J30276,hzy,stretch,lee,246.1596814788238,978.0
167,丁,丁,Oracle,J30277,hzy,stretch,lee,244.8800819840305,934.0
168,丁,丁,Oracle,J30278,hzy,stretch,lee,246.6319433599461,984.0
169,丁,丁,Oracle,J30279,hzy,stretch,lee,212.3214279336795,818.0
170,丁,丁,Oracle,J30280,hzy,stretch,lee,215.2317052722704,846.0
171,丁,丁,Oracle,J30281,hzy,stretch,lee,246.6099266558377,968.0
172,丁,丁,Oracle,J30282,hzy,stretch,lee,253.40026215696545,995.0
173,丁,丁,Oracle,J30283,hzy,stretch,lee,245.70942322419583,925.0
174,丁,丁,Oracle,J30284,hzy,stretch,lee,245.3324257910358,1012.0
175,丁,丁,Oracle,J30285,hzy,stretch,lee,248.7452678708314,1014.0
176,丁,丁,Oracle,J30286,hzy,stretch,lee,238.447559966448,920.0
177,丁,丁,Oracle,J30287,hzy,stretch,lee,250.97678982460383,1063.0
178,丁,丁,Oracle,J30288,hzy,stretch,lee,167.19051006354738,659.0
179,丁,丁,Oracle,J30289,hzy,stretch,lee,241.8759379940032,933.0
180,丁,丁,Oracle,J30290,hzy,stretch,lee,246.907892298727,962.0
181,丁,丁,Oracle,J30291,hzy,stretch,lee,247.3543058174255,983.0
182,丁,丁,Oracle,J30292,hzy,stretch,lee,239.8481744503348,892.0
183,丁,丁,Oracle,J30293,hzy,stretch,lee,247.04384901295364,924.0
184,丁,丁,Seal,S10946,hzy,stretch,lee,146.84476255342747,543.0
185,七,七,Bronze,B19909,hzy,stretch,lee,133.33970525519166,572.0
186,七,七,Bronze,B19910,hzy,stretch,lee,143.2335541551839,594.0
187,七,七,Bronze,B19911,hzy,stretch,lee,134.03655562731015,564.0
188,七,七,Bronze,B19912,hzy,stretch,lee,131.53929568750883,570.0
189,七,七,Bronze,B19913,hzy,stretch,lee,133.50982025892887,567.0
190,七,七,Bronze,B19914,hzy,stretch,lee,137.32857232257095,571.0
191,七,七,Bronze,B19915,hzy,stretch,lee,136.09522227484706,570.0
192,七,七,Bronze,B19916,hzy,stretch,lee,138.80080960929104,576.0
193,七,七,Bronze,B19917,hzy,stretch,lee,133.14503949968864,567.0
194,七,七,Bronze,B19918,hzy,stretch,lee,140.0860594471239,586.0
195,七,七,Bronze,B19919,hzy,stretch,lee,133.72413791821546,563.0
196,七,七,Bronze,B19920,hzy,stretch,lee,132.89792977042345,570.0
197,七,七,Bronze,B19921,hzy,stretch,lee,132.48252173804002,564.0
198,七,七,Bronze,B19922,hzy,stretch,lee,141.62916880832717,566.0
199,七,七,Oracle,J29812,hzy,stretch,lee,139.56249515165322,574.0
200,七,七,Oracle,J29813,hzy,stretch,lee,149.15453183324698,604.0
201,七,七,Oracle,J29814,hzy,stretch,lee,138.57615904850462,567.0
202,七,七,Oracle,J29815,hzy,stretch,lee,136.68710163795785,566.0
203,七,七,Oracle,J29816,hzy,stretch,lee,134.25730404503807,565.0
204,七,七,Oracle,J29817,hzy,stretch,lee,134.27871726403103,568.0
205,七,七,Oracle,J29818,hzy,stretch,lee,136.51857888356335,569.0
206,七,七,Oracle,J29819,hzy,stretch,lee,137.5907092135842,568.0
207,七,七,Oracle,J29820,hzy,stretch,lee,133.43827106544356,542.0
208,七,七,Oracle,J29821,hzy,stretch,lee,135.12400227605346,571.0
209,七,七,Seal,S10922,hzy,stretch,lee,173.23053344295556,680.0
210,万,万,Bronze,B19965,hzy,stretch,lee,475.283691784535,1717.0
211,万,万,Bronze,B19966,hzy,stretch,lee,340.9725855046639,1254.0
212,万,万,Bronze,B19967,hzy,stretch,lee,312.20356144970543,1082.0
213,万,万,Bronze,B19968,hzy,stretch,lee,355.42439460705833,1317.0
214,万,万,Bronze,B19969,hzy,stretch,lee,418.8075938087936,1568.0
215,万,万,Bronze,B19970,hzy,stretch,lee,330.7678219035532,1205.0
216,万,万,Bronze,B19971,hzy,stretch,lee,462.0206884540032,1700.0
217,万,万,Bronze,B19972,hzy,stretch,lee,393.6087695586617,1397.0
218,万,万,Bronze,B19973,hzy,stretch,lee,331.54628021425884,1115.0
219,万,万,Bronze,B19974,hzy,stretch,lee,325.56142864645454,1145.0
220,万,万,Bronze,B19975,hzy,stretch,lee,403.1064096800175,1472.0
221,万,万,Bronze,B19976,hzy,stretch,lee,407.4762969771468,1483.0
222,万,万,Bronze,B19977,hzy,stretch,lee,422.065133045288,1525.0
223,万,万,Bronze,B19978,hzy,stretch,lee,425.7951975635563,1548.0
224,万,万,Bronze,B19979,hzy,stretch,lee,420.7214238079322,1466.0
225,万,万,Bronze,B19980,hzy,stretch,lee,361.1007655706216,1321.0
226,万,万,Bronze,B19981,hzy,stretch,lee,344.3508521811163,1251.0
227,万,万,Bronze,B19982,hzy,stretch,lee,435.3560993927145,1576.0
228,万,万,Bronze,B19983,hzy,stretch,lee,375.6868446768096,1314.0
229,万,万,Bronze,B19984,hzy,stretch,lee,431.9058213866872,1499.0
230,万,万,Bronze,B19985,hzy,stretch,lee,483.92719681463046,1855.0
231,万,万,Bronze,B19986,hzy,stretch,lee,420.15729789004416,1498.0
232,万,万,Bronze,B19987,hzy,stretch,lee,366.5981889720563,1286.0
233,万,万,Bronze,B19988,hzy,stretch,lee,466.4615452510018,1710.0
234,万,万,Bronze,B19989,hzy,stretch,lee,366.2626810746265,1290.0
235,万,万,Bronze,B19990,hzy,stretch,lee,434.5036072332267,1563.0
236,万,万,Bronze,B19991,hzy,stretch,lee,505.6052474569284,1773.0
237,万,万,Bronze,B19992,hzy,stretch,lee,470.7782220916712,1714.0
238,万,万,Bronze,B19993,hzy,stretch,lee,471.3774250362487,1737.0
239,万,万,Bronze,B19994,hzy,stretch,lee,397.2677184335819,1433.0
240,万,万,Bronze,B19995,hzy,stretch,lee,457.6700692373617,1609.0
241,万,万,Bronze,B19996,hzy,stretch,lee,353.5880939708022,1251.0
242,万,万,Bronze,B19997,hzy,stretch,lee,357.31308044651183,1252.0
243,万,万,Bronze,B19998,hzy,stretch,lee,471.8543622793502,1732.0
244,万,万,Bronze,B19999,hzy,stretch,lee,396.2638867526232,1406.0
245,万,万,Bronze,B20000,hzy,stretch,lee,401.72408244576206,1448.0
246,万,万,Bronze,B20001,hzy,stretch,lee,440.44298994567686,1625.0
247,万,万,Bronze,B20002,hzy,stretch,lee,425.2863025660197,1494.0
248,万,万,Bronze,B20003,hzy,stretch,lee,417.1925136992467,1504.0
249,万,万,Bronze,B20004,hzy,stretch,lee,422.6821112496217,1469.0
250,万,万,Bronze,B20005,hzy,stretch,lee,443.9064986818817,1582.0
251,万,万,Bronze,B20006,hzy,stretch,lee,395.0306946226576,1420.0
252,万,万,Bronze,B20007,hzy,stretch,lee,387.0941938458051,1373.0
253,万,万,Bronze,B20008,hzy,stretch,lee,373.36584961058446,1387.0
254,万,万,Bronze,B20009,hzy,stretch,lee,470.83755772806654,1682.0
255,万,万,Bronze,B20010,hzy,stretch,lee,374.689083792533,1353.0
256,万,万,Bronze,B20011,hzy,stretch,lee,358.85141322044007,1233.0
257,万,万,Bronze,B20012,hzy,stretch,lee,380.9202650132421,1313.0
258,万,万,Bronze,B20013,hzy,stretch,lee,402.82285436918266,1415.0
259,万,万,Bronze,B20014,hzy,stretch,lee,388.0821280475028,1409.0
260,万,万,Bronze,B20015,hzy,stretch,lee,418.1208329158805,1454.0
261,万,万,Bronze,B20016,hzy,stretch,lee,402.4390610121592,1422.0
262,万,万,Bronze,B20017,hzy,stretch,lee,442.8798474557353,1726.0
263,万,万,Bronze,B20018,hzy,stretch,lee,403.6259594305807,1459.0
264,万,万,Bronze,B20019,hzy,stretch,lee,391.6177770340057,1386.0
265,万,万,Bronze,B20020,hzy,stretch,lee,469.10578392547785,1685.0
266,万,万,Bronze,B20021,hzy,stretch,lee,447.2494574210837,1640.0
267,万,万,Bronze,B20022,hzy,stretch,lee,419.0957732168748,1505.0
268,万,万,Bronze,B20023,hzy,stretch,lee,428.2723022177688,1589.0
269,万,万,Bronze,B20024,hzy,stretch,lee,391.1731664598577,1400.0
270,万,万,Bronze,B20025,hzy,stretch,lee,400.1634238646048,1434.0
271,万,万,Bronze,B20026,hzy,stretch,lee,454.6660073220722,1609.0
272,万,万,Bronze,B20027,hzy,stretch,lee,452.641443655359,1613.0
273,万,万,Bronze,B20028,hzy,stretch,lee,453.72293144031374,1582.0
274,万,万,Bronze,B20029,hzy,stretch,lee,469.74663541984097,1648.0
275,万,万,Bronze,B20030,hzy,stretch,lee,420.6613750477711,1475.0
276,万,万,Bronze,B20031,hzy,stretch,lee,445.7096152032256,1588.0
277,万,万,Bronze,B20032,hzy,stretch,lee,441.8928600348879,1601.0
278,万,万,Bronze,B20033,hzy,stretch,lee,446.6328439924068,1625.0
279,万,万,Bronze,B20034,hzy,stretch,lee,460.42897801300455,1662.0
280,万,万,Bronze,B20035,hzy,stretch,lee,425.1156561756927,1529.0
281,万,万,Bronze,B20036,hzy,stretch,lee,445.6942346100453,1645.0
282,万,万,Bronze,B20037,hzy,stretch,lee,443.08985472391447,1564.0
283,万,万,Bronze,B20038,hzy,stretch,lee,371.6504823354327,1372.0
284,万,万,Bronze,B20039,hzy,stretch,lee,408.2008145794307,1470.0
285,万,万,Bronze,B20040,hzy,stretch,lee,416.8669673872879,1548.0
286,万,万,Bronze,B20041,hzy,stretch,lee,461.0278156464826,1652.0
287,万,万,Bronze,B20042,hzy,stretch,lee,498.04238287256055,1820.0
288,万,万,Bronze,B20043,hzy,stretch,lee,421.33311264199386,1473.0
289,万,万,Bronze,B20044,hzy,stretch,lee,428.82575825530535,1579.0
290,万,万,Bronze,B20045,hzy,stretch,lee,502.5464693814644,1770.0
291,万,万,Bronze,B20046,hzy,stretch,lee,367.1388504027553,1367.0
292,万,万,Bronze,B20047,hzy,stretch,lee,381.7311951962809,1352.0
293,万,万,Bronze,B20048,hzy,stretch,lee,408.7586158794117,1452.0
294,万,万,Bronze,B20049,hzy,stretch,lee,476.76902977750433,1717.0
295,万,万,Bronze,B20050,hzy,stretch,lee,456.7659631993924,1642.0
296,万,万,Bronze,B20051,hzy,stretch,lee,410.2997976118217,1542.0
297,万,万,Bronze,B20052,hzy,stretch,lee,365.2305232868536,1247.0
298,万,万,Bronze,B20053,hzy,stretch,lee,377.147051036589,1381.0
299,万,万,Bronze,B20054,hzy,stretch,lee,518.1992365057056,1848.0
300,万,万,Bronze,B20055,hzy,stretch,lee,444.8518811019613,1481.0
301,万,万,Bronze,B20056,hzy,stretch,lee,434.016658445638,1512.0
302,万,万,Bronze,B20057,hzy,stretch,lee,437.37863097425975,1568.0
303,万,万,Bronze,B20058,hzy,stretch,lee,392.77870510502055,1440.0
304,万,万,Bronze,B20059,hzy,stretch,lee,453.1657744238489,1585.0
305,万,万,Bronze,B20060,hzy,stretch,lee,416.649242880492,1436.0
306,万,万,Bronze,B20061,hzy,stretch,lee,462.0807023644073,1621.0
307,万,万,Bronze,B20062,hzy,stretch,lee,477.741222383119,1716.0
308,万,万,Bronze,B20063,hzy,stretch,lee,369.5255201568035,1322.0
309,万,万,Bronze,B20064,hzy,stretch,lee,421.1339105870888,1518.0
310,万,万,Bronze,B20065,hzy,stretch,lee,461.7220823512266,1677.0
311,万,万,Bronze,B20066,hzy,stretch,lee,349.1585475790799,1278.0
312,万,万,Bronze,B20067,hzy,stretch,lee,488.1850119952559,1726.0
313,万,万,Bronze,B20068,hzy,stretch,lee,527.996254941502,1941.0
314,万,万,Bronze,B20069,hzy,stretch,lee,495.6208401144506,1859.0
315,万,万,Bronze,B20070,hzy,stretch,lee,582.4899617372854,2155.0
316,万,万,Bronze,B20071,hzy,stretch,lee,386.4325434978415,1338.0
317,万,万,Bronze,B20072,hzy,stretch,lee,488.0346384823742,1831.0
318,万,万,Bronze,B20073,hzy,stretch,lee,433.73074251550224,1543.0
319,万,万,Bronze,B20074,hzy,stretch,lee,427.179169411093,1493.0
320,万,万,Bronze,B20075,hzy,stretch,lee,374.46496099325617,1313.0
321,万,万,Bronze,B20076,hzy,stretch,lee,392.08256204524537,1444.0
322,万,万,Bronze,B20077,hzy,stretch,lee,481.6212492375578,1737.0
323,万,万,Bronze,B20078,hzy,stretch,lee,360.0128238464172,1297.0
324,万,万,Bronze,B20079,hzy,stretch,lee,392.4980405536695,1407.0
325,万,万,Bronze,B20080,hzy,stretch,lee,460.6312621878963,1716.0
326,万,万,Bronze,B20081,hzy,stretch,lee,459.0348858093234,1600.0
327,万,万,Bronze,B20082,hzy,stretch,lee,504.09598655310094,1918.0
328,万,万,Bronze,B20083,hzy,stretch,lee,405.7154894971891,1420.0
329,万,万,Bronze,B20084,hzy,stretch,lee,313.80576698693403,1134.0
330,万,万,Bronze,B20085,hzy,stretch,lee,337.4650442593177,1203.0
331,万,万,Bronze,B20086,hzy,stretch,lee,414.8584228851912,1431.0
332,万,万,Bronze,B20087,hzy,stretch,lee,448.56907526350994,1586.0
333,万,万,Bronze,B20088,hzy,stretch,lee,483.6396346359919,1723.0
334,万,万,Bronze,B20089,hzy,stretch,lee,384.6695365815956,1415.0
335,万,万,Bronze,B20090,hzy,stretch,lee,436.3859426174749,1568.0
336,万,万,Bronze,B20091,hzy,stretch,lee,440.6018787274748,1547.0
337,万,万,Bronze,B20092,hzy,stretch,lee,482.1696672413118,1768.0
338,万,万,Bronze,B20093,hzy,stretch,lee,380.6497363227878,1308.0
339,万,万,Bronze,B20094,hzy,stretch,lee,426.174738979553,1552.0
340,万,万,Bronze,B20095,hzy,stretch,lee,458.82864844877423,1586.0
341,万,万,Bronze,B20096,hzy,stretch,lee,507.7908157554463,1790.0
342,万,万,Bronze,B20097,hzy,stretch,lee,540.7247808327572,2049.0
343,万,万,Bronze,B20098,hzy,stretch,lee,368.8361073581509,1294.0
344,万,万,Bronze,B20099,hzy,stretch,lee,386.16453352800113,1318.0
345,万,万,Bronze,B20100,hzy,stretch,lee,501.4146896540966,1835.0
346,万,万,Bronze,B20101,hzy,stretch,lee,437.6601480168936,1592.0
347,万,万,Bronze,B20102,hzy,stretch,lee,477.384397287824,1728.0
348,万,万,Bronze,B20103,hzy,stretch,lee,450.62358018390825,1646.0
349,万,万,Bronze,B20104,hzy,stretch,lee,433.86918043864057,1566.0
350,万,万,Bronze,B20105,hzy,stretch,lee,524.8392382854787,1899.0
351,万,万,Bronze,B20106,hzy,stretch,lee,481.4232141865104,1737.0
352,万,万,Bronze,B20107,hzy,stretch,lee,385.3762890336397,1303.0
353,万,万,Bronze,B20108,hzy,stretch,lee,358.4508538402396,1321.0
354,万,万,Bronze,B20109,hzy,stretch,lee,379.5177873278034,1314.0
355,万,万,Bronze,B20110,hzy,stretch,lee,383.8245717688797,1292.0
356,万,万,Bronze,B20111,hzy,stretch,lee,418.1089265997241,1439.0
357,万,万,Bronze,B20112,hzy,stretch,lee,437.0309696234454,1518.0
358,万,万,Bronze,B20113,hzy,stretch,lee,413.7122324357865,1503.0
359,万,万,Bronze,B20114,hzy,stretch,lee,382.5362003229289,1320.0
360,万,万,Bronze,B20115,hzy,stretch,lee,434.6236682154376,1474.0
361,万,万,Bronze,B20116,hzy,stretch,lee,393.73337642974536,1328.0
362,万,万,Bronze,B20117,hzy,stretch,lee,404.2472280183557,1396.0
363,万,万,Bronze,B20118,hzy,stretch,lee,324.2778723452231,1200.0
364,万,万,Bronze,B20119,hzy,stretch,lee,380.9588723315276,1359.0
365,万,万,Bronze,B20120,hzy,stretch,lee,392.0237111198294,1339.0
366,万,万,Bronze,B20121,hzy,stretch,lee,444.7174443268963,1553.0
367,万,万,Bronze,B20122,hzy,stretch,lee,400.40068581918575,1408.0
368,万,万,Bronze,B20123,hzy,stretch,lee,442.1628802209489,1623.0
369,万,万,Bronze,B20124,hzy,stretch,lee,449.2139807309201,1557.0
370,万,万,Bronze,B20125,hzy,stretch,lee,480.5995625186626,1768.0
371,万,万,Bronze,B20126,hzy,stretch,lee,434.7444373461062,1520.0
372,万,万,Bronze,B20127,hzy,stretch,lee,375.481930606932,1358.0
373,万,万,Bronze,B20128,hzy,stretch,lee,364.5591337207912,1284.0
374,万,万,Bronze,B20129,hzy,stretch,lee,330.4082052259797,1182.0
375,万,万,Bronze,B20130,hzy,stretch,lee,290.1769676556382,1046.0
376,万,万,Bronze,B20131,hzy,stretch,lee,478.65499936745897,1737.0
377,万,万,Bronze,B20132,hzy,stretch,lee,430.5794085886303,1498.0
378,万,万,Bronze,B20133,hzy,stretch,lee,389.7207213072023,1386.0
379,万,万,Bronze,B20134,hzy,stretch,lee,422.9571066786673,1504.0
380,万,万,Bronze,B20135,hzy,stretch,lee,459.7970108975359,1665.0
381,万,万,Bronze,B20136,hzy,stretch,lee,437.4279806952391,1560.0
382,万,万,Bronze,B20137,hzy,stretch,lee,451.4673920933358,1644.0
383,万,万,Bronze,B20138,hzy,stretch,lee,472.4741611419466,1695.0
384,万,万,Bronze,B20139,hzy,stretch,lee,493.4689532758903,1724.0
385,万,万,Bronze,B20140,hzy,stretch,lee,469.9062318426161,1639.0
386,万,万,Bronze,B20141,hzy,stretch,lee,445.90037480640336,1483.0
387,万,万,Bronze,B20142,hzy,stretch,lee,433.9703479545719,1528.0
388,万,万,Bronze,B20143,hzy,stretch,lee,447.2823198751054,1637.0
389,万,万,Bronze,B20144,hzy,stretch,lee,415.04434796843793,1437.0
390,万,万,Bronze,B20145,hzy,stretch,lee,429.10485119555415,1487.0
391,万,万,Bronze,B20146,hzy,stretch,lee,467.2075358076559,1640.0
392,万,万,Bronze,B20147,hzy,stretch,lee,455.5412358647775,1568.0
393,万,万,Bronze,B20148,hzy,stretch,lee,471.5024849440156,1651.0
394,万,万,Bronze,B20149,hzy,stretch,lee,402.2079082837832,1408.0
395,万,万,Bronze,B20150,hzy,stretch,lee,472.9663680130074,1627.0
396,万,万,Bronze,B20151,hzy,stretch,lee,473.34628139598414,1683.0
397,万,万,Bronze,B20152,hzy,stretch,lee,454.9024633632376,1684.0
398,万,万,Bronze,B20153,hzy,stretch,lee,446.2952211340065,1623.0
399,万,万,Bronze,B20154,hzy,stretch,lee,468.1770320357463,1656.0
400,万,万,Bronze,B20155,hzy,stretch,lee,495.2218377802597,1720.0
401,万,万,Bronze,B20156,hzy,stretch,lee,418.1881755122217,1519.0
402,万,万,Bronze,B20157,hzy,stretch,lee,432.9895766116675,1535.0
403,万,万,Bronze,B20158,hzy,stretch,lee,392.5603738262382,1439.0
404,万,万,Bronze,B20159,hzy,stretch,lee,548.1464530946837,1955.0
405,万,万,Bronze,B20160,hzy,stretch,lee,539.1774155721173,1943.0
406,万,万,Bronze,B20161,hzy,stretch,lee,508.16123562614,1832.0
407,万,万,Bronze,B20162,hzy,stretch,lee,420.93229856003234,1537.0
408,万,万,Bronze,B20163,hzy,stretch,lee,365.79138175716975,1273.0
409,万,万,Bronze,B20164,hzy,stretch,lee,387.541647485563,1370.0
410,万,万,Bronze,B20165,hzy,stretch,lee,387.3419363733781,1358.0
411,万,万,Bronze,B20166,hzy,stretch,lee,346.924705272382,1174.0
412,万,万,Bronze,B20167,hzy,stretch,lee,431.0283685922944,1581.0
413,万,万,Bronze,B20168,hzy,stretch,lee,338.2749050254501,1150.0
414,万,万,Bronze,B20169,hzy,stretch,lee,376.36043942665447,1477.0
415,万,万,Bronze,B20170,hzy,stretch,lee,536.3251680488129,1828.0
416,万,万,Bronze,B20171,hzy,stretch,lee,450.0292816707032,1571.0
417,万,万,Bronze,B20172,hzy,stretch,lee,397.6634305629876,1502.0
418,万,万,Bronze,B20173,hzy,stretch,lee,437.2179231496144,1625.0
419,万,万,Bronze,B20174,hzy,stretch,lee,411.9197407050024,1592.0
420,万,万,Bronze,B20175,hzy,stretch,lee,383.05143687512776,1507.0
421,万,万,Bronze,B20176,hzy,stretch,lee,207.88685803630327,756.0
422,万,万,Oracle,J29852,hzy,stretch,lee,234.62794874298348,818.0
423,万,万,Oracle,J29853,hzy,stretch,lee,252.31673005734743,826.0
424,万,万,Oracle,J29854,hzy,stretch,lee,329.4172258964145,1197.0
425,万,万,Oracle,J29855,hzy,stretch,lee,347.50512775873136,1240.0
426,万,万,Oracle,J29856,hzy,stretch,lee,267.63055362329806,952.0
427,丈,丈,Seal,S01638,hzy,stretch,lee,311.1456795299299,1211.0
428,三,三,Bronze,B00355,hzy,stretch,lee,187.31728692289056,767.0
429,三,三,Bronze,B00356,hzy,stretch,lee,199.09748829973304,789.0
430,三,三,Bronze,B00357,hzy,stretch,lee,197.2852669080517,831.0
431,三,三,Bronze,B00358,hzy,stretch,lee,234.6481032876132,837.0
432,三,三,Bronze,B00359,hzy,stretch,lee,198.944785490812,799.0
433,三,三,Bronze,B00360,hzy,stretch,lee,213.9466848336652,750.0
434,三,三,Bronze,B00361,hzy,stretch,lee,210.4188479028642,815.0
435,三,三,Bronze,B00362,hzy,stretch,lee,208.20673277946352,801.0
436,三,三,Bronze,B00363,hzy,stretch,lee,188.353631037891,759.0
437,三,三,Bronze,B00364,hzy,stretch,lee,189.0378794623093,748.0
438,三,三,Bronze,B00365,hzy,stretch,lee,189.79073886172097,774.0
439,三,三,Bronze,B00366,hzy,stretch,lee,190.3861015227421,796.0
440,三,三,Bronze,B00367,hzy,stretch,lee,197.58833092436336,814.0
441,三,三,Bronze,B00368,hzy,stretch,lee,200.35232147121084,816.0
442,三,三,Bronze,B00369,hzy,stretch,lee,203.94297718880387,847.0
443,三,三,Bronze,B00370,hzy,stretch,lee,188.7882366190824,795.0
444,三,三,Bronze,B00371,hzy,stretch,lee,210.98520055838333,831.0
445,三,三,Bronze,B00372,hzy,stretch,lee,190.0367147921237,794.0
446,三,三,Bronze,B00373,hzy,stretch,lee,196.4856410471678,809.0
447,三,三,Bronze,B00374,hzy,stretch,lee,189.981517791787,751.0
448,三,三,Bronze,B00375,hzy,stretch,lee,216.2809573323464,780.0
449,三,三,Oracle,J00545,hzy,stretch,lee,190.3162415085966,789.0
450,三,三,Oracle,J00546,hzy,stretch,lee,198.43833521670288,745.0
451,三,三,Oracle,J00547,hzy,stretch,lee,189.38557528645708,759.0
452,三,三,Oracle,J00548,hzy,stretch,lee,187.5356644623088,736.0
453,三,三,Oracle,J00549,hzy,stretch,lee,198.41656123997709,718.0
454,三,三,Oracle,J00550,hzy,stretch,lee,197.1541726298221,775.0
455,三,三,Oracle,J00551,hzy,stretch,lee,173.83547256108108,657.0
456,三,三,Oracle,J00552,hzy,stretch,lee,173.6442524247286,702.0
457,三,三,Oracle,J00553,hzy,stretch,lee,178.26516021035488,731.0
458,三,三,Oracle,J00554,hzy,stretch,lee,197.20929559849336,824.0
459,三,三,Seal,S00097,hzy,stretch,lee,178.28054689295143,766.0
460,上,上,Bronze,B00109,hzy,stretch,lee,146.13520074688168,546.0
461,上,上,Bronze,B00110,hzy,stretch,lee,118.39654109156533,417.0
462,上,上,Bronze,B00111,hzy,stretch,lee,131.19471013588625,474.0
463,上,上,Bronze,B00112,hzy,stretch,lee,131.5593011484966,467.0
464,上,上,Bronze,B00113,hzy,stretch,lee,111.4491531895491,440.0
465,上,上,Bronze,B00114,hzy,stretch,lee,124.28995369025766,524.0
466,上,上,Bronze,B00115,hzy,stretch,lee,122.13168361008628,500.0
467,上,上,Bronze,B00116,hzy,stretch,lee,133.27251568594,548.0
468,上,上,Bronze,B00117,hzy,stretch,lee,94.85012835400651,374.0
469,上,上,Bronze,B00118,hzy,stretch,lee,106.87576924546792,414.0
470,上,上,Bronze,B00119,hzy,stretch,lee,97.40780511618088,348.0
471,上,上,Bronze,B00120,hzy,stretch,lee,113.95191437914762,418.0
472,上,上,Bronze,B00121,hzy,stretch,lee,98.77873073596304,391.0
473,上,上,Bronze,B00122,hzy,stretch,lee,148.8780949328458,637.0
474,上,上,Bronze,B00123,hzy,stretch,lee,155.88560801260712,648.0
475,上,上,Bronze,B00124,hzy,stretch,lee,163.5049130773982,667.0
476,上,上,Bronze,B00125,hzy,stretch,lee,164.14795552879522,695.0
477,上,上,Bronze,B00126,hzy,stretch,lee,169.40171648349346,708.0
478,上,上,Bronze,B00127,hzy,stretch,lee,155.29620785434733,647.0
479,上,上,Bronze,B00128,hzy,stretch,lee,352.28723813013823,1357.0
480,上,上,Bronze,B00129,hzy,stretch,lee,318.8772708765372,1155.0
481,上,上,Bronze,B00130,hzy,stretch,lee,205.2517784611707,834.0
482,上,上,Bronze,B00131,hzy,stretch,lee,201.19188330030283,816.0
483,上,上,Bronze,B00132,hzy,stretch,lee,203.7790281126657,860.0
484,上,上,Bronze,B00133,hzy,stretch,lee,196.332099651086,830.0
485,上,上,Oracle,J00024,hzy,stretch,lee,148.26423794177347,565.0
486,上,上,Oracle,J00025,hzy,stretch,lee,127.8522696373068,482.0
487,上,上,Oracle,J00026,hzy,stretch,lee,157.0329487786697,494.0
488,上,上,Oracle,J00027,hzy,stretch,lee,102.49987729111704,365.0
489,上,上,Oracle,J00028,hzy,stretch,lee,135.5138205582121,492.0
490,上,上,Oracle,J00029,hzy,stretch,lee,107.58089120842148,428.0
491,上,上,Oracle,J00030,hzy,stretch,lee,143.92893726605448,435.0
492,上,上,Seal,S00008,hzy,stretch,lee,201.35655644769176,782.0
493,下,下,Bronze,B00153,hzy,stretch,lee,119.55911524054092,449.0
494,下,下,Bronze,B00154,hzy,stretch,lee,135.2826156684546,474.0
495,下,下,Bronze,B00155,hzy,stretch,lee,128.9333686448909,440.0
496,下,下,Bronze,B00156,hzy,stretch,lee,113.8955633018564,439.0
497,下,下,Bronze,B00157,hzy,stretch,lee,164.21014142243953,706.0
498,下,下,Bronze,B00158,hzy,stretch,lee,170.21497000247425,705.0
499,下,下,Bronze,B00159,hzy,stretch,lee,170.186473892274,724.0
500,下,下,Bronze,B00160,hzy,stretch,lee,198.7751576328137,860.0
501,下,下,Bronze,B00161,hzy,stretch,lee,168.73187536836434,717.0
502,下,下,Bronze,B00162,hzy,stretch,lee,182.17839984017732,775.0
503,下,下,Oracle,J00145,hzy,stretch,lee,140.28473893249557,477.0
504,下,下,Oracle,J00146,hzy,stretch,lee,173.1607240976914,545.0
505,下,下,Oracle,J00147,hzy,stretch,lee,162.58959899441285,464.0
506,下,下,Oracle,J00148,hzy,stretch,lee,135.64610163356124,442.0
507,下,下,Oracle,J00149,hzy,stretch,lee,160.1417335852804,474.0
508,下,下,Oracle,J00150,hzy,stretch,lee,173.6862784614031,593.0
509,下,下,Oracle,J00151,hzy,stretch,lee,157.29008942895462,511.0
510,下,下,Oracle,J00152,hzy,stretch,lee,147.8055856243141,469.0
511,下,下,Oracle,J00153,hzy,stretch,lee,147.19215021380586,475.0
512,下,下,Oracle,J00154,hzy,stretch,lee,137.19811652639376,437.0
513,下,下,Oracle,J00155,hzy,stretch,lee,146.80350438853907,493.0
514,下,下,Oracle,J00156,hzy,stretch,lee,133.24568290489887,451.0
515,下,下,Oracle,J00157,hzy,stretch,lee,147.33682223570148,495.0
516,下,下,Oracle,J00158,hzy,stretch,lee,163.93099020739422,512.0
517,下,下,Oracle,J00159,hzy,stretch,lee,145.25589403391947,458.0
518,下,下,Oracle,J00160,hzy,stretch,lee,146.2880067542123,481.0
519,下,下,Oracle,J00161,hzy,stretch,lee,131.4637028223015,437.0
520,下,下,Oracle,J00162,hzy,stretch,lee,142.66030162867696,488.0
521,下,下,Seal,S00016,hzy,stretch,lee,215.03324035366305,906.0
522,不,不,Bronze,B16048,hzy,stretch,lee,264.7976537269384,913.0
523,不,不,Bronze,B16049,hzy,stretch,lee,257.37366468404593,914.0
524,不,不,Bronze,B16050,hzy,stretch,lee,241.8435790621253,885.0
525,不,不,Bronze,B16051,hzy,stretch,lee,259.7372722710236,883.0
526,不,不,Bronze,B16052,hzy,stretch,lee,251.34066922958297,900.0
527,不,不,Bronze,B16053,hzy,stretch,lee,281.9170232607455,935.0
528,不,不,Bronze,B16054,hzy,stretch,lee,261.39353533658465,970.0
529,不,不,Bronze,B16055,hzy,stretch,lee,257.72083780283094,911.0
530,不,不,Bronze,B16056,hzy,stretch,lee,261.28549386961373,893.0
531,不,不,Bronze,B16057,hzy,stretch,lee,268.6840452836965,923.0
532,不,不,Bronze,B16058,hzy,stretch,lee,261.88407049743523,914.0
533,不,不,Bronze,B16059,hzy,stretch,lee,261.33440623632464,911.0
534,不,不,Bronze,B16060,hzy,stretch,lee,263.516970803178,892.0
535,不,不,Bronze,B16061,hzy,stretch,lee,252.8017116071665,880.0
536,不,不,Bronze,B16062,hzy,stretch,lee,257.87490318021634,872.0
537,不,不,Bronze,B16063,hzy,stretch,lee,257.704335262903,904.0
538,不,不,Bronze,B16064,hzy,stretch,lee,273.49311189120294,973.0
539,不,不,Bronze,B16065,hzy,stretch,lee,260.14633329051685,924.0
540,不,不,Bronze,B16066,hzy,stretch,lee,265.2901633718322,904.0
541,不,不,Bronze,B16067,hzy,stretch,lee,273.246677923408,938.0
542,不,不,Bronze,B16068,hzy,stretch,lee,269.4657615629294,912.0
543,不,不,Bronze,B16069,hzy,stretch,lee,243.3423845865284,786.0
544,不,不,Bronze,B16070,hzy,stretch,lee,264.5142383577509,907.0
545,不,不,Bronze,B16071,hzy,stretch,lee,266.6771373797296,931.0
546,不,不,Bronze,B16072,hzy,stretch,lee,245.2708252012497,841.0
547,不,不,Bronze,B16073,hzy,stretch,lee,252.3916766395577,857.0
548,不,不,Bronze,B16074,hzy,stretch,lee,339.46992149145,1323.0
549,不,不,Bronze,B16075,hzy,stretch,lee,274.53606674428005,981.0
550,不,不,Bronze,B16076,hzy,stretch,lee,240.8171809278861,952.0
551,不,不,Bronze,B16077,hzy,stretch,lee,273.3376313370359,929.0
552,不,不,Bronze,B16078,hzy,stretch,lee,237.72086400805804,815.0
553,不,不,Bronze,B16079,hzy,stretch,lee,274.9036295175578,932.0
554,不,不,Bronze,B16080,hzy,stretch,lee,267.8004768594889,932.0
555,不,不,Bronze,B16081,hzy,stretch,lee,257.72597656197394,899.0
556,不,不,Bronze,B16082,hzy,stretch,lee,286.77022958575884,978.0
557,不,不,Bronze,B16083,hzy,stretch,lee,256.7735372888565,896.0
558,不,不,Bronze,B16084,hzy,stretch,lee,261.18645884273224,875.0
559,不,不,Bronze,B16085,hzy,stretch,lee,235.8497137342442,853.0
560,不,不,Bronze,B16086,hzy,stretch,lee,268.08553608666307,916.0
561,不,不,Bronze,B16087,hzy,stretch,lee,255.05267744248607,965.0
562,不,不,Bronze,B16088,hzy,stretch,lee,251.1057410062678,943.0
563,不,不,Bronze,B16089,hzy,stretch,lee,238.88672732376853,871.0
564,不,不,Bronze,B16090,hzy,stretch,lee,264.2778664403034,963.0
565,不,不,Bronze,B16091,hzy,stretch,lee,204.35415412828456,803.0
566,不,不,Bronze,B16092,hzy,stretch,lee,272.27031851345794,925.0
567,不,不,Bronze,B16093,hzy,stretch,lee,273.3540866886291,1018.0
568,不,不,Bronze,B16094,hzy,stretch,lee,252.4158344795503,1003.0
569,不,不,Bronze,B16095,hzy,stretch,lee,299.00086939821813,1091.0
570,不,不,Bronze,B16096,hzy,stretch,lee,251.83750150455325,984.0
571,不,不,Bronze,B16097,hzy,stretch,lee,269.1474147508392,941.0
572,不,不,Bronze,B16098,hzy,stretch,lee,259.20656124559326,1008.0
573,不,不,Bronze,B16099,hzy,stretch,lee,275.3070284534727,985.0
574,不,不,Bronze,B16100,hzy,stretch,lee,279.8160195319965,986.0
575,不,不,Bronze,B16101,hzy,stretch,lee,262.9393875189201,895.0
576,不,不,Oracle,J25391,hzy,stretch,lee,186.10422168268624,655.0
577,不,不,Oracle,J25392,hzy,stretch,lee,205.42198198713865,713.0
578,不,不,Oracle,J25393,hzy,stretch,lee,271.9554817365483,981.0
579,不,不,Oracle,J25394,hzy,stretch,lee,197.27650686686363,664.0
580,不,不,Oracle,J25395,hzy,stretch,lee,215.3135175217366,740.0
581,不,不,Oracle,J25396,hzy,stretch,lee,219.4355390965785,722.0
582,不,不,Oracle,J25397,hzy,stretch,lee,256.4295970338687,958.0
583,不,不,Oracle,J25398,hzy,stretch,lee,238.7527264046336,895.0
584,不,不,Oracle,J25399,hzy,stretch,lee,279.7206256457972,1013.0
585,不,不,Oracle,J25400,hzy,stretch,lee,242.9179513616732,898.0
586,不,不,Oracle,J25401,hzy,stretch,lee,259.2098510034787,991.0
587,不,不,Oracle,J25402,hzy,stretch,lee,227.2995556062183,811.0
588,不,不,Oracle,J25403,hzy,stretch,lee,208.48228287022684,774.0
589,不,不,Oracle,J25404,hzy,stretch,lee,335.823873815949,1132.0
590,不,不,Oracle,J25405,hzy,stretch,lee,276.49246558064635,973.0
591,不,不,Oracle,J25406,hzy,stretch,lee,225.5570494152595,770.0
592,不,不,Oracle,J25407,hzy,stretch,lee,191.59818853366104,650.0
593,不,不,Oracle,J25408,hzy,stretch,lee,185.8224556488561,650.0
594,不,不,Oracle,J25409,hzy,stretch,lee,292.5759225600912,1030.0
595,不,不,Oracle,J25410,hzy,stretch,lee,264.85404509866544,917.0
596,不,不,Oracle,J25411,hzy,stretch,lee,227.5447042423176,846.0
597,不,不,Oracle,J25412,hzy,stretch,lee,244.5161057075224,808.0
598,不,不,Oracle,J25413,hzy,stretch,lee,200.2614555953255,675.0
599,不,不,Oracle,J25414,hzy,stretch,lee,179.67058699098973,665.0
600,不,不,Oracle,J25415,hzy,stretch,lee,242.7440855361395,915.0
601,不,不,Oracle,J25416,hzy,stretch,lee,229.17718393582888,821.0
602,不,不,Oracle,J25417,hzy,stretch,lee,251.5349629352267,956.0
603,不,不,Oracle,J25418,hzy,stretch,lee,229.20578728476733,846.0
604,不,不,Oracle,J25419,hzy,stretch,lee,288.572678329856,975.0
605,不,不,Oracle,J25420,hzy,stretch,lee,255.05229494186395,932.0
606,不,不,Oracle,J25421,hzy,stretch,lee,249.5981563731258,907.0
607,不,不,Oracle,J25422,hzy,stretch,lee,222.15404925584065,773.0
608,不,不,Oracle,J25423,hzy,stretch,lee,246.1973900567002,863.0
609,不,不,Oracle,J25424,hzy,stretch,lee,247.7779483485793,854.0
610,不,不,Oracle,J25425,hzy,stretch,lee,224.3901940469341,747.0
611,不,不,Oracle,J25426,hzy,stretch,lee,219.63232752179283,799.0
612,不,不,Oracle,J25427,hzy,stretch,lee,249.0606022766348,895.0
613,不,不,Oracle,J25428,hzy,stretch,lee,228.72344045298505,770.0
614,不,不,Oracle,J25429,hzy,stretch,lee,233.10898823263213,733.0
615,不,不,Oracle,J25430,hzy,stretch,lee,240.5299865952288,835.0
616,不,不,Oracle,J25431,hzy,stretch,lee,238.75693789330705,808.0
617,不,不,Oracle,J25432,hzy,stretch,lee,236.50949765357004,835.0
618,不,不,Oracle,J25433,hzy,stretch,lee,205.37863202209823,710.0
619,不,不,Oracle,J25434,hzy,stretch,lee,218.03857449681468,715.0
620,不,不,Oracle,J25435,hzy,stretch,lee,271.1841759647832,982.0
621,不,不,Oracle,J25436,hzy,stretch,lee,254.5639710660868,876.0
622,不,不,Oracle,J25437,hzy,stretch,lee,204.8022451360688,697.0
623,不,不,Oracle,J25438,hzy,stretch,lee,218.2552866981408,755.0
624,不,不,Oracle,J25439,hzy,stretch,lee,268.0915936115686,944.0
625,不,不,Oracle,J25440,hzy,stretch,lee,205.22339278203327,772.0
626,不,不,Oracle,J25441,hzy,stretch,lee,234.977234428621,799.0
627,不,不,Oracle,J25442,hzy,stretch,lee,238.7706730376247,832.0
628,不,不,Oracle,J25443,hzy,stretch,lee,239.74933673937647,805.0
629,不,不,Oracle,J25444,hzy,stretch,lee,250.0760488792048,859.0
630,不,不,Oracle,J25445,hzy,stretch,lee,251.08973613352887,886.0
631,不,不,Oracle,J25446,hzy,stretch,lee,224.17317218428005,798.0
632,不,不,Oracle,J25447,hzy,stretch,lee,234.9454403356412,819.0
633,不,不,Oracle,J25448,hzy,stretch,lee,219.295199644184,757.0
634,不,不,Oracle,J25449,hzy,stretch,lee,242.241596069132,860.0
635,不,不,Oracle,J25450,hzy,stretch,lee,231.3227641857966,853.0
636,不,不,Oracle,J25451,hzy,stretch,lee,187.6423135701912,674.0
637,不,不,Oracle,J25452,hzy,stretch,lee,253.26222194280288,931.0
638,不,不,Oracle,J25453,hzy,stretch,lee,231.9083124945641,834.0
639,不,不,Oracle,J25454,hzy,stretch,lee,285.24472348926884,978.0
640,不,不,Oracle,J25455,hzy,stretch,lee,307.0588243411342,1075.0
641,不,不,Oracle,J25456,hzy,stretch,lee,297.6022949435879,1090.0
642,不,不,Oracle,J25457,hzy,stretch,lee,256.7471271124085,851.0
643,不,不,Oracle,J25458,hzy,stretch,lee,270.2038488941858,987.0
644,不,不,Oracle,J25459,hzy,stretch,lee,224.1889063080776,774.0
645,不,不,Oracle,J25460,hzy,stretch,lee,253.66246962367248,890.0
646,不,不,Oracle,J25461,hzy,stretch,lee,252.8264592726578,905.0
647,不,不,Oracle,J25462,hzy,stretch,lee,288.0400313875278,1057.0
648,不,不,Oracle,J25463,hzy,stretch,lee,223.9162795680081,789.0
649,不,不,Oracle,J25464,hzy,stretch,lee,234.74265691605032,775.0
650,不,不,Oracle,J25465,hzy,stretch,lee,359.09403112775163,1280.0
651,不,不,Oracle,J25466,hzy,stretch,lee,308.6889833988436,1046.0
652,不,不,Oracle,J25467,hzy,stretch,lee,226.7906862376873,779.0
653,不,不,Oracle,J25468,hzy,stretch,lee,287.52295433315294,1037.0
654,不,不,Oracle,J25469,hzy,stretch,lee,292.5788095203151,1024.0
655,不,不,Oracle,J25470,hzy,stretch,lee,317.06449501103583,1063.0
656,不,不,Oracle,J25471,hzy,stretch,lee,239.2111970470389,812.0
657,不,不,Oracle,J25472,hzy,stretch,lee,228.5626264285549,790.0
658,不,不,Oracle,J25473,hzy,stretch,lee,269.6573231346593,1010.0
659,不,不,Oracle,J25474,hzy,stretch,lee,254.21948498796505,873.0
660,不,不,Oracle,J25475,hzy,stretch,lee,215.56458251987328,727.0
661,不,不,Oracle,J25476,hzy,stretch,lee,229.3463992346865,780.0
662,不,不,Oracle,J25477,hzy,stretch,lee,257.28637729801244,909.0
663,不,不,Oracle,J25478,hzy,stretch,lee,217.47031547762927,763.0
664,不,不,Oracle,J25479,hzy,stretch,lee,219.56005170469132,746.0
665,不,不,Oracle,J25480,hzy,stretch,lee,243.50367046835373,821.0
666,不,不,Oracle,J25481,hzy,stretch,lee,245.1523298838066,810.0
667,不,不,Oracle,J25482,hzy,stretch,lee,208.7666539948036,713.0
668,不,不,Oracle,J25483,hzy,stretch,lee,194.773633063388,636.0
669,不,不,Oracle,J25484,hzy,stretch,lee,232.7388842666608,799.0
670,不,不,Oracle,J25485,hzy,stretch,lee,208.79857827767623,684.0
671,不,不,Oracle,J25486,hzy,stretch,lee,212.8349457704928,766.0
672,不,不,Oracle,J25487,hzy,stretch,lee,218.6678393816606,748.0
673,不,不,Oracle,J25488,hzy,stretch,lee,259.11303175514047,922.0
674,不,不,Oracle,J25489,hzy,stretch,lee,263.36596807943874,931.0
675,不,不,Oracle,J25490,hzy,stretch,lee,223.8076131683441,805.0
676,不,不,Oracle,J25491,hzy,stretch,lee,229.38632758005875,798.0
677,不,不,Oracle,J25492,hzy,stretch,lee,217.29029237029485,725.0
678,不,不,Oracle,J25493,hzy,stretch,lee,211.9952413852753,753.0
679,不,不,Oracle,J25494,hzy,stretch,lee,238.08405026670067,792.0
680,不,不,Oracle,J25495,hzy,stretch,lee,200.0146539713047,659.0
681,不,不,Oracle,J25496,hzy,stretch,lee,245.5032296996993,875.0
682,不,不,Oracle,J25497,hzy,stretch,lee,251.9260958223811,852.0
683,不,不,Oracle,J25498,hzy,stretch,lee,238.66172023288823,860.0
684,不,不,Oracle,J25499,hzy,stretch,lee,374.0633361812904,1313.0
685,不,不,Oracle,J25500,hzy,stretch,lee,249.37154885199743,873.0
686,不,不,Oracle,J25501,hzy,stretch,lee,332.6928420344118,1230.0
687,不,不,Oracle,J25502,hzy,stretch,lee,220.695531315788,836.0
688,不,不,Oracle,J25503,hzy,stretch,lee,270.60357229054483,930.0
689,不,不,Oracle,J25504,hzy,stretch,lee,278.23074452900096,1065.0
690,不,不,Oracle,J25505,hzy,stretch,lee,294.40536038399614,1074.0
691,不,不,Oracle,J25506,hzy,stretch,lee,265.9543706152189,958.0
692,不,不,Oracle,J25507,hzy,stretch,lee,316.34210620379093,1115.0
693,不,不,Oracle,J25508,hzy,stretch,lee,283.4193255604202,985.0
694,不,不,Oracle,J25509,hzy,stretch,lee,250.7037960469824,903.0
695,不,不,Oracle,J25510,hzy,stretch,lee,191.0190028672805,616.0
696,不,不,Oracle,J25511,hzy,stretch,lee,240.79212039357253,777.0
697,不,不,Oracle,J25512,hzy,stretch,lee,240.08329584449416,845.0
698,不,不,Oracle,J25513,hzy,stretch,lee,232.34659885694572,800.0
699,不,不,Oracle,J25514,hzy,stretch,lee,260.1279319475727,1000.0
700,不,不,Oracle,J25515,hzy,stretch,lee,233.73438799558096,778.0
701,不,不,Oracle,J25516,hzy,stretch,lee,234.5024717834551,845.0
702,不,不,Oracle,J25517,hzy,stretch,lee,250.2878026220272,902.0
703,不,不,Oracle,J25518,hzy,stretch,lee,265.50278001073974,965.0
704,不,不,Oracle,J25519,hzy,stretch,lee,180.04541092603205,640.0
705,不,不,Oracle,J25520,hzy,stretch,lee,290.3874272912776,1061.0
706,不,不,Oracle,J25521,hzy,stretch,lee,280.2709398063777,1034.0
707,不,不,Oracle,J25522,hzy,stretch,lee,285.74531924514065,1022.0
708,不,不,Oracle,J25523,hzy,stretch,lee,266.0874674126265,938.0
709,不,不,Oracle,J25524,hzy,stretch,lee,298.17658315738083,1134.0
710,不,不,Oracle,J25525,hzy,stretch,lee,254.1497097199184,971.0
711,不,不,Oracle,J25526,hzy,stretch,lee,259.7155384519571,938.0
712,不,不,Oracle,J25527,hzy,stretch,lee,291.71145810548563,1093.0
713,不,不,Oracle,J25528,hzy,stretch,lee,281.5820349400188,1040.0
714,不,不,Oracle,J25529,hzy,stretch,lee,275.566973926573,959.0
715,不,不,Oracle,J25530,hzy,stretch,lee,283.7356873657952,1061.0
716,不,不,Oracle,J25531,hzy,stretch,lee,288.0395740213873,1078.0
717,不,不,Oracle,J25532,hzy,stretch,lee,230.5826038397105,827.0
718,不,不,Oracle,J25533,hzy,stretch,lee,221.20972654029504,737.0
719,不,不,Oracle,J25534,hzy,stretch,lee,267.0068410148822,997.0
720,不,不,Oracle,J25535,hzy,stretch,lee,252.45503070591303,921.0
721,不,不,Oracle,J25536,hzy,stretch,lee,248.59060872043293,837.0
722,不,不,Oracle,J25537,hzy,stretch,lee,260.5339398783431,949.0
723,不,不,Oracle,J25538,hzy,stretch,lee,216.2332745309904,722.0
724,不,不,Oracle,J25539,hzy,stretch,lee,233.62182662243245,818.0
725,不,不,Oracle,J25540,hzy,stretch,lee,246.76599127482163,854.0
726,不,不,Oracle,J25541,hzy,stretch,lee,233.9929715745324,816.0
727,不,不,Oracle,J25542,hzy,stretch,lee,208.1193432234097,771.0
728,不,不,Oracle,J25543,hzy,stretch,lee,287.2060618890052,1036.0
729,不,不,Oracle,J25544,hzy,stretch,lee,296.29314776422626,1132.0
730,不,不,Oracle,J25545,hzy,stretch,lee,237.4144029222352,786.0
731,不,不,Oracle,J25546,hzy,stretch,lee,254.9951426285752,955.0
732,不,不,Oracle,J25547,hzy,stretch,lee,254.68696085436528,924.0
733,不,不,Oracle,J25548,hzy,stretch,lee,229.6897388355088,827.0
734,不,不,Oracle,J25549,hzy,stretch,lee,304.6962062049166,1094.0
735,不,不,Oracle,J25550,hzy,stretch,lee,235.521646772105,874.0
736,不,不,Oracle,J25551,hzy,stretch,lee,275.92489804750466,1006.0
737,不,不,Oracle,J25552,hzy,stretch,lee,276.45975004450463,1008.0
738,不,不,Oracle,J25553,hzy,stretch,lee,305.70162643993416,1167.0
739,不,不,Oracle,J25554,hzy,stretch,lee,257.30267496921834,988.0
740,不,不,Oracle,J25555,hzy,stretch,lee,186.816684136206,682.0
741,不,不,Oracle,J25556,hzy,stretch,lee,276.215607529624,991.0
742,不,不,Oracle,J25557,hzy,stretch,lee,244.16840270070105,803.0
743,不,不,Oracle,J25558,hzy,stretch,lee,286.55823695311614,1077.0
744,不,不,Oracle,J25559,hzy,stretch,lee,238.3301798172972,842.0
745,不,不,Oracle,J25560,hzy,stretch,lee,290.79543793724525,1057.0
746,不,不,Oracle,J25561,hzy,stretch,lee,235.9224945486471,905.0
747,不,不,Oracle,J25562,hzy,stretch,lee,262.8657131981827,952.0
748,不,不,Oracle,J25563,hzy,stretch,lee,232.4306280708146,871.0
749,不,不,Oracle,J25564,hzy,stretch,lee,287.85452057649263,1053.0
750,不,不,Oracle,J25565,hzy,stretch,lee,297.5053927613875,1071.0
751,不,不,Oracle,J25566,hzy,stretch,lee,253.14011046159104,911.0
752,不,不,Oracle,J25567,hzy,stretch,lee,247.1656991397037,867.0
753,不,不,Oracle,J25568,hzy,stretch,lee,273.99198723890964,948.0
754,不,不,Oracle,J25569,hzy,stretch,lee,260.7016156710224,895.0
755,不,不,Oracle,J25570,hzy,stretch,lee,266.97314378116266,943.0
756,不,不,Oracle,J25571,hzy,stretch,lee,255.08100403475743,884.0
757,不,不,Oracle,J25572,hzy,stretch,lee,221.34450624496776,766.0
758,不,不,Oracle,J25573,hzy,stretch,lee,249.81309016075707,898.0
759,不,不,Oracle,J25574,hzy,stretch,lee,202.255048142501,710.0
760,不,不,Oracle,J25575,hzy,stretch,lee,248.20392020532765,881.0
761,不,不,Oracle,J25576,hzy,stretch,lee,200.30557221852013,679.0
762,不,不,Oracle,J25577,hzy,stretch,lee,283.48042283317164,1046.0
763,不,不,Oracle,J25578,hzy,stretch,lee,234.9646212258952,887.0
764,不,不,Oracle,J25579,hzy,stretch,lee,280.89100079680827,1052.0
765,不,不,Oracle,J25580,hzy,stretch,lee,218.1119846288038,752.0
766,不,不,Oracle,J25581,hzy,stretch,lee,201.090386036862,685.0
767,不,不,Oracle,J25582,hzy,stretch,lee,310.55854566526364,1183.0
768,不,不,Oracle,J25583,hzy,stretch,lee,233.42833877713807,812.0
769,不,不,Oracle,J25584,hzy,stretch,lee,255.2401840215157,917.0
770,不,不,Oracle,J25585,hzy,stretch,lee,289.412957551382,1129.0
771,不,不,Oracle,J25586,hzy,stretch,lee,271.9956982948118,978.0
772,不,不,Oracle,J25587,hzy,stretch,lee,256.41861833613723,899.0
773,不,不,Oracle,J25588,hzy,stretch,lee,280.9736370858971,1063.0
774,不,不,Oracle,J25589,hzy,stretch,lee,209.0244397236006,709.0
775,不,不,Oracle,J25590,hzy,stretch,lee,247.5690618778951,795.0
776,不,不,Oracle,J25591,hzy,stretch,lee,238.8526104094471,874.0
777,不,不,Oracle,J25592,hzy,stretch,lee,275.84153075648004,1020.0
778,不,不,Oracle,J25593,hzy,stretch,lee,271.79737843389023,978.0
779,不,不,Oracle,J25594,hzy,stretch,lee,203.42230778220923,762.0
780,不,不,Oracle,J25595,hzy,stretch,lee,259.9761492613496,920.0
781,不,不,Oracle,J25596,hzy,stretch,lee,213.87261091947727,722.0
782,不,不,Oracle,J25597,hzy,stretch,lee,295.8227573004274,1071.0
783,不,不,Oracle,J25598,hzy,stretch,lee,303.2408931346799,1080.0
784,不,不,Oracle,J25599,hzy,stretch,lee,261.0896358028532,961.0
785,不,不,Oracle,J25600,hzy,stretch,lee,205.7842347898024,740.0
786,不,不,Oracle,J25601,hzy,stretch,lee,232.60374870987457,788.0
787,不,不,Oracle,J25602,hzy,stretch,lee,293.8066464194758,1107.0
788,不,不,Oracle,J25603,hzy,stretch,lee,227.85162571796573,765.0
789,不,不,Oracle,J25604,hzy,stretch,lee,304.2589856108063,1097.0
790,不,不,Oracle,J25605,hzy,stretch,lee,233.9143508250145,835.0
791,不,不,Oracle,J25606,hzy,stretch,lee,253.34275215083724,943.0
792,不,不,Oracle,J25607,hzy,stretch,lee,283.4940593319983,1055.0
793,不,不,Oracle,J25608,hzy,stretch,lee,247.37373319726225,861.0
794,不,不,Oracle,J25609,hzy,stretch,lee,264.4705887981576,925.0
795,不,不,Oracle,J25610,hzy,stretch,lee,286.8281293157999,1064.0
796,不,不,Oracle,J25611,hzy,stretch,lee,229.254121520207,825.0
797,不,不,Oracle,J25612,hzy,stretch,lee,213.6102308984892,734.0
798,不,不,Oracle,J25613,hzy,stretch,lee,241.60278799746527,912.0
799,不,不,Oracle,J25614,hzy,stretch,lee,212.5690993569276,802.0
800,不,不,Oracle,J25615,hzy,stretch,lee,238.4686338740009,772.0
801,不,不,Oracle,J25616,hzy,stretch,lee,267.35974781359573,948.0
802,不,不,Oracle,J25617,hzy,stretch,lee,230.3990851940424,817.0
803,不,不,Oracle,J25618,hzy,stretch,lee,254.29217391760483,924.0
804,不,不,Oracle,J25619,hzy,stretch,lee,251.76441966029464,896.0
805,不,不,Oracle,J25620,hzy,stretch,lee,247.41115514843275,931.0
806,不,不,Oracle,J25621,hzy,stretch,lee,305.9128919643019,1149.0
807,不,不,Oracle,J25622,hzy,stretch,lee,237.4840371670583,845.0
808,不,不,Oracle,J25623,hzy,stretch,lee,283.6419527277385,1053.0
809,不,不,Oracle,J25624,hzy,stretch,lee,264.67743741174434,981.0
810,不,不,Oracle,J25625,hzy,stretch,lee,204.73737352182303,700.0
811,不,不,Oracle,J25626,hzy,stretch,lee,280.9050693816687,1075.0
812,不,不,Oracle,J25627,hzy,stretch,lee,312.83270616261564,1153.0
813,不,不,Oracle,J25628,hzy,stretch,lee,259.14941398007227,924.0
814,不,不,Oracle,J25629,hzy,stretch,lee,269.925535312479,1013.0
815,不,不,Oracle,J25630,hzy,stretch,lee,280.6468108466403,888.0
816,不,不,Seal,S08670,hzy,stretch,lee,288.9541113542973,1185.0
817,与,与,Bronze,B03481,hzy,stretch,lee,396.6344922752359,1410.0
818,与,与,Bronze,B03482,hzy,stretch,lee,408.4849597891912,1511.0
819,与,与,Bronze,B03483,hzy,stretch,lee,450.9936661583653,1654.0
820,与,与,Bronze,B03484,hzy,stretch,lee,476.5346175356707,1790.0
821,与,与,Seal,S01999,hzy,stretch,lee,434.3919916489447,1666.0
822,丑,丑,Bronze,B21024,hzy,stretch,lee,205.5376866051275,714.0
823,丑,丑,Bronze,B21025,hzy,stretch,lee,216.61126428684983,746.0
824,丑,丑,Bronze,B21026,hzy,stretch,lee,206.2959613595748,764.0
825,丑,丑,Bronze,B21027,hzy,stretch,lee,221.35954914415672,742.0
826,丑,丑,Bronze,B21028,hzy,stretch,lee,223.3580240189796,765.0
827,丑,丑,Bronze,B21029,hzy,stretch,lee,226.36265826878252,814.0
828,丑,丑,Bronze,B21030,hzy,stretch,lee,229.00223098423416,854.0
829,丑,丑,Bronze,B21031,hzy,stretch,lee,242.63733552193727,841.0
830,丑,丑,Bronze,B21032,hzy,stretch,lee,333.3857226018851,1381.0
831,丑,丑,Bronze,B21033,hzy,stretch,lee,227.7706179323888,784.0
832,丑,丑,Bronze,B21034,hzy,stretch,lee,291.0626303489994,1130.0
833,丑,丑,Bronze,B21035,hzy,stretch,lee,249.3134014518064,1017.0
834,丑,丑,Bronze,B21036,hzy,stretch,lee,281.5634710184975,1021.0
835,丑,丑,Bronze,B21037,hzy,stretch,lee,253.85301167612784,917.0
836,丑,丑,Bronze,B21038,hzy,stretch,lee,310.7383553327824,1147.0
837,丑,丑,Oracle,J30864,hzy,stretch,lee,239.7476183716697,879.0
838,丑,丑,Oracle,J30865,hzy,stretch,lee,262.80214368569136,963.0
839,丑,丑,Oracle,J30866,hzy,stretch,lee,254.6770753506308,884.0
840,丑,丑,Oracle,J30867,hzy,stretch,lee,235.5940839208164,855.0
841,丑,丑,Oracle,J30868,hzy,stretch,lee,277.0811385103468,1047.0
842,丑,丑,Oracle,J30869,hzy,stretch,lee,220.27361664010337,827.0
843,丑,丑,Oracle,J30870,hzy,stretch,lee,263.752992448266,936.0
844,丑,丑,Oracle,J30871,hzy,stretch,lee,232.86820312260485,869.0
845,丑,丑,Oracle,J30872,hzy,stretch,lee,308.2338554151361,1066.0
846,丑,丑,Oracle,J30873,hzy,stretch,lee,219.3692940662941,738.0
847,丑,丑,Seal,S11002,hzy,stretch,lee,285.1720729691789,1111.0
848,专,专,Oracle,J06810,hzy,stretch,lee,332.9984601533412,1182.0
849,专,专,Oracle,J06811,hzy,stretch,lee,417.0934710231877,1504.0
850,专,专,Oracle,J06812,hzy,stretch,lee,425.42817350569607,1405.0
851,专,专,Oracle,J06813,hzy,stretch,lee,394.0126983851253,1568.0
852,专,专,Oracle,J06814,hzy,stretch,lee,374.0253280793361,1373.0
853,专,专,Oracle,J06815,hzy,stretch,lee,417.90921514151086,1538.0
854,专,专,Oracle,J06816,hzy,stretch,lee,197.97966726948584,700.0
855,专,专,Oracle,J06817,hzy,stretch,lee,334.9572916925242,1167.0
856,专,专,Oracle,J06818,hzy,stretch,lee,353.65130847866976,1208.0
857,专,专,Oracle,J06819,hzy,stretch,lee,381.0664743551926,1375.0
858,专,专,Oracle,J06820,hzy,stretch,lee,515.0610280337227,1906.0
859,专,专,Oracle,J06821,hzy,stretch,lee,380.0947002028662,1390.0
860,专,专,Oracle,J06822,hzy,stretch,lee,381.11084059320274,1339.0
861,专,专,Oracle,J06823,hzy,stretch,lee,335.9361557227084,1165.0
862,专,专,Oracle,J06824,hzy,stretch,lee,355.5405298869968,1254.0
863,专,专,Oracle,J06825,hzy,stretch,lee,353.0906687036149,1287.0
864,专,专,Oracle,J06826,hzy,stretch,lee,371.28513560754857,1360.0
865,专,专,Oracle,J06827,hzy,stretch,lee,413.7728277304378,1524.0
866,专,专,Oracle,J06828,hzy,stretch,lee,351.48611991401106,1281.0
867,专,专,Oracle,J06829,hzy,stretch,lee,376.3897126038012,1391.0
868,专,专,Seal,S02270,hzy,stretch,lee,572.435620468057,2316.0
869,且,且,Bronze,B19394,hzy,stretch,lee,274.7633597700323,1028.0
870,且,且,Bronze,B19395,hzy,stretch,lee,305.7572188267057,1117.0
871,且,且,Bronze,B19396,hzy,stretch,lee,285.1010404944107,1095.0
872,且,且,Bronze,B19397,hzy,stretch,lee,269.8064773851394,1016.0
873,且,且,Bronze,B19398,hzy,stretch,lee,322.6501009222832,1193.0
874,且,且,Bronze,B19399,hzy,stretch,lee,297.5809827990352,1144.0
875,且,且,Bronze,B19400,hzy,stretch,lee,326.8922773168635,1264.0
876,且,且,Bronze,B19401,hzy,stretch,lee,283.50954987590603,1122.0
877,且,且,Bronze,B19402,hzy,stretch,lee,326.9239026248809,1300.0
878,且,且,Bronze,B19403,hzy,stretch,lee,326.8776918055991,1246.0
879,且,且,Bronze,B19404,hzy,stretch,lee,275.106543225311,1022.0
880,且,且,Bronze,B19405,hzy,stretch,lee,297.20638481650525,1111.0
881,且,且,Bronze,B19406,hzy,stretch,lee,292.8138224195758,1166.0
882,且,且,Bronze,B19407,hzy,stretch,lee,256.27610950793394,999.0
883,且,且,Bronze,B19408,hzy,stretch,lee,329.3752544752347,1335.0
884,且,且,Bronze,B19409,hzy,stretch,lee,248.949456130856,942.0
885,且,且,Bronze,B19410,hzy,stretch,lee,256.2452159211124,946.0
886,且,且,Bronze,B19411,hzy,stretch,lee,237.69234150057343,861.0
887,且,且,Bronze,B19412,hzy,stretch,lee,255.81451047854176,926.0
888,且,且,Bronze,B19413,hzy,stretch,lee,259.70919160005866,910.0
889,且,且,Bronze,B19414,hzy,stretch,lee,240.9421941293783,927.0
890,且,且,Bronze,B19415,hzy,stretch,lee,278.43402008727486,1022.0
891,且,且,Bronze,B19416,hzy,stretch,lee,240.11901834319485,878.0
892,且,且,Bronze,B19417,hzy,stretch,lee,264.9970394226466,1002.0
893,且,且,Bronze,B19418,hzy,stretch,lee,265.8747652926828,1024.0
894,且,且,Bronze,B19419,hzy,stretch,lee,278.82211332855445,1076.0
895,且,且,Bronze,B19420,hzy,stretch,lee,270.43615508981674,1050.0
896,且,且,Bronze,B19421,hzy,stretch,lee,270.50831787474505,1013.0
897,且,且,Bronze,B19422,hzy,stretch,lee,256.78165505935914,1000.0
898,且,且,Bronze,B19423,hzy,stretch,lee,308.4734663487152,1235.0
899,且,且,Bronze,B19424,hzy,stretch,lee,301.3471903499547,1182.0
900,且,且,Bronze,B19425,hzy,stretch,lee,311.9098882613709,1224.0
901,且,且,Bronze,B19426,hzy,stretch,lee,286.2672902891198,1077.0
902,且,且,Bronze,B19427,hzy,stretch,lee,288.84851517694085,1171.0
903,且,且,Bronze,B19428,hzy,stretch,lee,348.0406475803832,1362.0
904,且,且,Bronze,B19429,hzy,stretch,lee,309.19295908695443,1228.0
905,且,且,Bronze,B19430,hzy,stretch,lee,286.0429247568307,1168.0
906,且,且,Bronze,B19431,hzy,stretch,lee,294.445032240962,1148.0
907,且,且,Bronze,B19432,hzy,stretch,lee,328.38813890369806,1241.0
908,且,且,Bronze,B19433,hzy,stretch,lee,350.15534873905534,1212.0
909,且,且,Bronze,B19434,hzy,stretch,lee,364.842188334735,1441.0
910,且,且,Bronze,B19435,hzy,stretch,lee,277.3648358773016,1121.0
911,且,且,Bronze,B19436,hzy,stretch,lee,345.5389106879618,1328.0
912,且,且,Bronze,B19437,hzy,stretch,lee,288.3028222488052,1096.0
913,且,且,Bronze,B19438,hzy,stretch,lee,255.4777694404013,938.0
914,且,且,Bronze,B19439,hzy,stretch,lee,278.3271638277645,1072.0
915,且,且,Bronze,B19440,hzy,stretch,lee,320.45904953039326,1222.0
916,且,且,Bronze,B19441,hzy,stretch,lee,313.5666346389171,1238.0
917,且,且,Bronze,B19442,hzy,stretch,lee,318.47588604551345,1253.0
918,且,且,Bronze,B19443,hzy,stretch,lee,357.0416358433634,1418.0
919,且,且,Bronze,B19444,hzy,stretch,lee,331.32672748370527,1323.0
920,且,且,Bronze,B19445,hzy,stretch,lee,355.22629934951243,1426.0
921,且,且,Bronze,B19446,hzy,stretch,lee,303.97520631153435,1149.0
922,且,且,Bronze,B19447,hzy,stretch,lee,304.77486444137463,1195.0
923,且,且,Bronze,B19448,hzy,stretch,lee,365.8284668043991,1392.0
924,且,且,Bronze,B19449,hzy,stretch,lee,285.405398166837,1149.0
925,且,且,Bronze,B19450,hzy,stretch,lee,314.28149014566,1165.0
926,且,且,Bronze,B19451,hzy,stretch,lee,286.8811840726049,1013.0
927,且,且,Bronze,B19452,hzy,stretch,lee,305.3651149570895,1202.0
928,且,且,Bronze,B19453,hzy,stretch,lee,365.1110869368045,1394.0
929,且,且,Bronze,B19454,hzy,stretch,lee,322.6708448013571,1250.0
930,且,且,Bronze,B19455,hzy,stretch,lee,385.997522973979,1541.0
931,且,且,Bronze,B19456,hzy,stretch,lee,305.30101433150605,1187.0
932,且,且,Bronze,B19457,hzy,stretch,lee,306.60459531104374,1161.0
933,且,且,Bronze,B19458,hzy,stretch,lee,413.8975359159475,1554.0
934,且,且,Bronze,B19459,hzy,stretch,lee,334.9256745706204,1291.0
935,且,且,Bronze,B19460,hzy,stretch,lee,283.7844519580908,1089.0
936,且,且,Bronze,B19461,hzy,stretch,lee,352.3552790068957,1356.0
937,且,且,Oracle,J29048,hzy,stretch,lee,296.6072327197104,1140.0
938,且,且,Oracle,J29049,hzy,stretch,lee,268.3197628595642,1003.0
939,且,且,Oracle,J29050,hzy,stretch,lee,299.709533593264,1101.0
940,且,且,Oracle,J29051,hzy,stretch,lee,307.1328459775875,1102.0
941,且,且,Oracle,J29052,hzy,stretch,lee,359.2435670299008,1434.0
942,且,且,Oracle,J29053,hzy,stretch,lee,232.45472800611068,868.0
943,且,且,Oracle,J29054,hzy,stretch,lee,340.3456052115375,1281.0
944,且,且,Oracle,J29055,hzy,stretch,lee,312.2910045069228,1155.0
945,且,且,Oracle,J29056,hzy,stretch,lee,244.7214052198873,962.0
946,且,且,Oracle,J29057,hzy,stretch,lee,313.78720859803,1257.0
947,且,且,Oracle,J29058,hzy,stretch,lee,356.34570871683616,1365.0
948,且,且,Oracle,J29059,hzy,stretch,lee,357.9237015402891,1332.0
949,且,且,Oracle,J29060,hzy,stretch,lee,304.0868479543525,1157.0
950,且,且,Oracle,J29061,hzy,stretch,lee,374.71636019978826,1460.0
951,且,且,Oracle,J29062,hzy,stretch,lee,332.2644382688434,1271.0
952,且,且,Oracle,J29063,hzy,stretch,lee,347.4936300543915,1307.0
953,且,且,Oracle,J29064,hzy,stretch,lee,342.99916229804506,1294.0
954,且,且,Oracle,J29065,hzy,stretch,lee,344.3351329087223,1277.0
955,且,且,Oracle,J29066,hzy,stretch,lee,313.97801569287185,1156.0
956,且,且,Oracle,J29067,hzy,stretch,lee,298.5194998494891,1096.0
957,且,且,Oracle,J29068,hzy,stretch,lee,295.44951982798113,1122.0
958,且,且,Oracle,J29069,hzy,stretch,lee,293.9423669310868,1066.0
959,且,且,Oracle,J29070,hzy,stretch,lee,348.53849905535947,1310.0
960,且,且,Oracle,J29071,hzy,stretch,lee,352.44270333936333,1379.0
961,且,且,Oracle,J29072,hzy,stretch,lee,282.9607513961446,1065.0
962,且,且,Oracle,J29073,hzy,stretch,lee,351.07225180426286,1368.0
963,且,且,Oracle,J29074,hzy,stretch,lee,290.75714859511567,1126.0
964,且,且,Oracle,J29075,hzy,stretch,lee,353.0266601280679,1356.0
965,且,且,Oracle,J29076,hzy,stretch,lee,296.06407449236315,1104.0
966,且,且,Oracle,J29077,hzy,stretch,lee,339.0670250838221,1284.0
967,且,且,Oracle,J29078,hzy,stretch,lee,304.1409647226852,1115.0
968,且,且,Oracle,J29079,hzy,stretch,lee,289.2212679562683,1066.0
969,且,且,Oracle,J29080,hzy,stretch,lee,363.0147474375189,1443.0
970,且,且,Oracle,J29081,hzy,stretch,lee,301.2843395030774,1160.0
971,且,且,Oracle,J29082,hzy,stretch,lee,295.46211958900847,1115.0
972,且,且,Oracle,J29083,hzy,stretch,lee,316.30298527913675,1207.0
973,且,且,Oracle,J29084,hzy,stretch,lee,344.6942664313588,1288.0
974,且,且,Oracle,J29085,hzy,stretch,lee,303.1891798012195,1129.0
975,且,且,Oracle,J29086,hzy,stretch,lee,334.50051035035966,1331.0
976,且,且,Oracle,J29087,hzy,stretch,lee,255.78798211759585,971.0
977,且,且,Oracle,J29088,hzy,stretch,lee,285.8785314396972,1048.0
978,且,且,Oracle,J29089,hzy,stretch,lee,358.2632754191508,1317.0
979,且,且,Oracle,J29090,hzy,stretch,lee,295.20845785276737,1131.0
980,且,且,Oracle,J29091,hzy,stretch,lee,318.2213617775964,1179.0
981,且,且,Oracle,J29092,hzy,stretch,lee,292.52689292885,1069.0
982,且,且,Oracle,J29093,hzy,stretch,lee,211.36065359304067,811.0
983,且,且,Oracle,J29094,hzy,stretch,lee,298.5409208299215,1144.0
984,且,且,Oracle,J29095,hzy,stretch,lee,350.024078135139,1299.0
985,且,且,Oracle,J29096,hzy,stretch,lee,363.0686956846776,1479.0
986,且,且,Oracle,J29097,hzy,stretch,lee,315.6544159722316,1090.0
987,且,且,Oracle,J29098,hzy,stretch,lee,305.4782090256311,1151.0
988,且,且,Oracle,J29099,hzy,stretch,lee,306.9077731348268,1183.0
989,且,且,Oracle,J29100,hzy,stretch,lee,357.11348018397547,1372.0
990,且,且,Oracle,J29101,hzy,stretch,lee,328.67842674712153,1241.0
991,且,且,Oracle,J29102,hzy,stretch,lee,310.1409354261146,1243.0
992,且,且,Oracle,J29103,hzy,stretch,lee,320.18480113279065,1253.0
993,且,且,Oracle,J29104,hzy,stretch,lee,355.7398470053031,1394.0
994,且,且,Oracle,J29105,hzy,stretch,lee,271.63329594207727,994.0
995,且,且,Oracle,J29106,hzy,stretch,lee,261.7150613953679,967.0
996,且,且,Oracle,J29107,hzy,stretch,lee,344.20439542484206,1335.0
997,且,且,Oracle,J29108,hzy,stretch,lee,309.507338907159,1232.0
998,且,且,Oracle,J29109,hzy,stretch,lee,287.8710286100672,1071.0
999,且,且,Oracle,J29110,hzy,stretch,lee,328.0409462204866,1264.0
