,period,bin,sample_num,sample_average_complexity,sample_average_distinctiveness
0,Oracle,0,0,21.889766351640457,99.62030611072252
1,Oracle,0,1,21.58127032113345,102.73274763260764
2,Oracle,0,2,21.59523355059237,98.8226725592722
3,Oracle,0,3,22.5686310728776,99.73038499084322
4,Oracle,0,4,21.599579377889384,99.79054034282552
5,Oracle,0,5,21.410876272510805,100.07048145099088
6,Oracle,0,6,22.66876726794471,101.25996911568345
7,Oracle,0,7,21.20996169757718,100.59212038279468
8,Oracle,0,8,22.294822557893184,100.93842011998908
9,Oracle,0,9,20.887439796371865,99.01054661865238
10,Oracle,0,10,20.913575375097004,101.38079566203352
11,Oracle,0,11,21.203985308171717,100.59678340556016
12,Oracle,0,12,21.158773318173917,101.45977300505184
13,Oracle,0,13,22.362809334919987,101.18350504548394
14,Oracle,0,14,21.03661499510971,102.17452053109012
15,Oracle,0,15,22.366981736130192,103.15966554383812
16,Oracle,0,16,20.58799755917149,101.10543332424908
17,Oracle,0,17,21.639446384750148,102.4232850926533
18,Oracle,0,18,21.73751173410255,101.56562795520176
19,Oracle,0,19,22.038796451143423,101.11962823680284
20,Oracle,0,20,21.136179913176367,100.14149673797844
21,Oracle,0,21,21.392272502007376,100.35996695374386
22,Oracle,0,22,22.07393723428488,100.38725855703647
23,Oracle,0,23,21.69790363889553,100.23421365286592
24,Oracle,0,24,21.55646012816736,101.55250149579108
25,Oracle,0,25,22.77658782617086,101.76394651111646
26,Oracle,0,26,21.656451335463142,99.31290147847682
27,Oracle,0,27,21.962264298014198,102.70230206131426
28,Oracle,0,28,21.2366499145372,101.72052543870151
29,Oracle,0,29,21.554637693326256,101.95430787165054
30,Oracle,0,30,21.62215785128669,102.54333877965472
31,Oracle,0,31,21.290532781121588,99.88080090919222
32,Oracle,0,32,21.070225669421337,98.49205676965626
33,Oracle,0,33,21.85831362318982,101.6945753777503
34,Oracle,0,34,21.83076314216976,99.1393314864352
35,Oracle,0,35,20.70462257675537,99.02148778201968
36,Oracle,0,36,21.168043387365927,99.98444994690234
37,Oracle,0,37,21.52007155851158,101.27183124126589
38,Oracle,0,38,21.3933959788517,100.97553478504638
39,Oracle,0,39,21.0536043362539,100.45634333483048
40,Oracle,0,40,22.072315940001094,100.14967416462208
41,Oracle,0,41,22.261217187136197,101.08409479250662
42,Oracle,0,42,21.517563093450075,99.23992156847744
43,Oracle,0,43,21.164409057833595,99.47401163282616
44,Oracle,0,44,22.02238432988687,100.3247155781967
45,Oracle,0,45,21.82892658165594,99.8363663637593
46,Oracle,0,46,21.548935604366854,99.196876287966
47,Oracle,0,47,21.590669564777905,99.9376044553025
48,Oracle,0,48,22.446828803905856,102.1719062350842
49,Oracle,0,49,21.33046593662789,101.6096057758346
50,Oracle,0,50,21.508953450180524,101.0702683569316
51,Oracle,0,51,21.868229769805,101.79059643492056
52,Oracle,0,52,20.73870345817664,101.6514170933555
53,Oracle,0,53,21.570201810173888,99.12669652620156
54,Oracle,0,54,21.161620929362684,102.44960473021428
55,Oracle,0,55,21.386328024097097,99.95635699235736
56,Oracle,0,56,20.72966689688568,101.4997929860029
57,Oracle,0,57,22.22849698048485,101.1867549325834
58,Oracle,0,58,21.985409847331383,101.01210752315724
59,Oracle,0,59,21.57184868913362,99.60901544930408
60,Oracle,0,60,21.67428033284284,101.29573017517993
61,Oracle,0,61,20.908083074536616,99.49113086238704
62,Oracle,0,62,21.2881286633446,101.31135540949754
63,Oracle,0,63,21.095746394140534,101.58880682155076
64,Oracle,0,64,21.372973194705917,101.02252588898072
65,Oracle,0,65,22.164325411354262,100.75921353842166
66,Oracle,0,66,21.57475839618457,100.19731305975488
67,Oracle,0,67,21.182731341929205,99.5812370834234
68,Oracle,0,68,21.822783193179426,100.49938102778202
69,Oracle,0,69,22.502660249892955,100.77469397138049
70,Oracle,0,70,21.362967432456227,101.67799585538764
71,Oracle,0,71,21.30345731922841,101.10089379143626
72,Oracle,0,72,21.036447622986483,100.54622215053354
73,Oracle,0,73,22.00954382220085,100.69102847110702
74,Oracle,0,74,21.774719544135355,100.6813695874124
75,Oracle,0,75,21.069176148139192,100.64417899532614
76,Oracle,0,76,22.773261077143125,101.82739474279155
77,Oracle,0,77,22.545072236314187,102.50463700624644
78,Oracle,0,78,21.144930296196563,100.77723679811037
79,Oracle,0,79,20.870714159098817,98.45522675122496
80,Oracle,0,80,21.92535316801586,101.83670566380732
81,Oracle,0,81,21.209412058391877,101.01177862562184
82,Oracle,0,82,21.86405381159904,100.04770300574052
83,Oracle,0,83,21.30411799362729,101.60393965578048
84,Oracle,0,84,21.10413216256224,101.08776780295
85,Oracle,0,85,21.74500657870429,101.43386231307332
86,Oracle,0,86,21.576391180194783,100.98636441897
87,Oracle,0,87,21.16962078658449,99.47870189124312
88,Oracle,0,88,20.86186156894142,101.30908370533528
89,Oracle,0,89,21.48880711086417,101.4048901871632
90,Oracle,0,90,21.547778163930097,100.79277257164397
91,Oracle,0,91,21.53735467097117,98.85495559516669
92,Oracle,0,92,20.752404260412355,100.22189013828962
93,Oracle,0,93,22.852677538440396,100.767602546363
94,Oracle,0,94,20.819262399507043,98.30352444202394
95,Oracle,0,95,22.56844341609164,102.20021449719802
96,Oracle,0,96,22.52895406514377,99.89698318202105
97,Oracle,0,97,21.55926074113464,100.50733691922152
98,Oracle,0,98,22.46739850743184,100.7528565510106
99,Oracle,0,99,21.818781613464125,100.2301741815067
100,Oracle,0,100,21.62450663645045,101.13542170207612
101,Oracle,0,101,21.92273844200705,100.50737458746369
102,Oracle,0,102,21.78444644440167,100.07368587153644
103,Oracle,0,103,21.147901478417825,102.34853345898178
104,Oracle,0,104,21.45311576031624,99.87147012190697
105,Oracle,0,105,21.55006631179338,101.39039540441628
106,Oracle,0,106,21.62629988844112,101.14639667763132
107,Oracle,0,107,21.8467353192832,101.0259137728226
108,Oracle,0,108,21.80159250298528,99.7981431574597
109,Oracle,0,109,20.83142104407136,101.1086480071966
110,Oracle,0,110,22.360124475330736,101.16781555192148
111,Oracle,0,111,21.480292672731903,102.31984094859736
112,Oracle,0,112,21.487268130434927,100.85712787578656
113,Oracle,0,113,21.731802582872074,101.4601510139742
114,Oracle,0,114,21.33009971258697,101.12333373014332
115,Oracle,0,115,21.964845567775363,100.38173751572656
116,Oracle,0,116,21.11772578245957,99.46321752155907
117,Oracle,0,117,21.27132898630069,99.56537268421305
118,Oracle,0,118,23.560286772869357,99.70247484778356
119,Oracle,0,119,22.32562025667817,100.17827279099266
120,Oracle,0,120,21.44346228993424,101.53069451921844
121,Oracle,0,121,20.71568766333621,99.04759593948106
122,Oracle,0,122,21.34924936582552,100.48793988710696
123,Oracle,0,123,21.57955632457416,100.244477064895
124,Oracle,0,124,21.761266581343715,99.29741275067292
125,Oracle,0,125,22.116125042663427,100.98729858232998
126,Oracle,0,126,21.31730481984061,99.69848167877312
127,Oracle,0,127,21.66848016872441,102.033122622772
128,Oracle,0,128,20.958782216907885,100.51997813504931
129,Oracle,0,129,22.59491624722929,101.834930389716
130,Oracle,0,130,21.07325986433651,101.4468216182895
131,Oracle,0,131,21.25499143705822,100.01282388150769
132,Oracle,0,132,21.94708025639576,99.19527777971987
133,Oracle,0,133,22.15927306156061,100.64896166968336
134,Oracle,0,134,22.033488289626938,100.60299236751584
135,Oracle,0,135,21.05806118464159,99.3417324484793
136,Oracle,0,136,22.0827756932302,102.91098543470385
137,Oracle,0,137,22.265991968664803,100.3464093793852
138,Oracle,0,138,22.3889624088076,100.71220336356645
139,Oracle,0,139,21.5578128096444,100.8971881494852
140,Oracle,0,140,21.606292111241693,101.35354535133224
141,Oracle,0,141,21.30952215139193,101.60532558328492
142,Oracle,0,142,20.895506814824163,100.03421946667495
143,Oracle,0,143,20.70031339553699,99.68462268747524
144,Oracle,0,144,21.43946516461448,101.21205711337444
145,Oracle,0,145,20.82799207835795,100.3888315033353
146,Oracle,0,146,23.403340330291016,101.12304354879797
147,Oracle,0,147,21.39687352082756,101.21684692578604
148,Oracle,0,148,21.823919958368137,100.52441855684134
149,Oracle,0,149,20.96375805110004,101.63327457390756
150,Oracle,0,150,21.307889518015177,101.52194752028876
151,Oracle,0,151,20.82092736865301,99.72133697780852
152,Oracle,0,152,21.974980384165832,101.56154753712872
153,Oracle,0,153,21.884160710378215,101.10319629600872
154,Oracle,0,154,21.66308740547386,100.25830010498063
155,Oracle,0,155,22.467848170185103,100.32114706290244
156,Oracle,0,156,21.48158966841288,100.86213410527375
157,Oracle,0,157,21.572162894545865,101.2718721303852
158,Oracle,0,158,22.15497004646389,100.7866248456101
159,Oracle,0,159,21.45213334275468,98.97985458034792
160,Oracle,0,160,21.453896089997706,101.41725178519611
161,Oracle,0,161,22.368449324655447,102.99799939827724
162,Oracle,0,162,22.50338123841965,99.47543056719844
163,Oracle,0,163,22.64872916501396,99.49080247089726
164,Oracle,0,164,23.18209398249215,101.82805661369912
165,Oracle,0,165,21.149071189403788,98.85152249395924
166,Oracle,0,166,21.684112420496408,101.46029592237404
167,Oracle,0,167,20.66239776554813,100.87135486832526
168,Oracle,0,168,21.78537001558777,100.67781940954782
169,Oracle,0,169,21.59308944624755,100.1830021512279
170,Oracle,0,170,21.131769397603016,101.16049355925465
171,Oracle,0,171,21.5496688940741,100.54435118521106
172,Oracle,0,172,21.64519807824145,100.40707923677512
173,Oracle,0,173,22.2456583382494,100.51548456103345
174,Oracle,0,174,21.34960701221523,99.51948406081864
175,Oracle,0,175,21.77084091166648,101.05230924051293
176,Oracle,0,176,21.4713554089484,98.38128146558404
177,Oracle,0,177,22.116789977565915,101.2926213362329
178,Oracle,0,178,21.25794007992216,100.50069329987063
179,Oracle,0,179,20.73827141839248,99.22953566312157
180,Oracle,0,180,22.005326017384903,101.68920403003182
181,Oracle,0,181,20.948226360798184,99.84014377280718
182,Oracle,0,182,21.992219490189985,101.11070794599118
183,Oracle,0,183,22.45418097007205,102.13886184055902
184,Oracle,0,184,20.83204780168111,100.49861707549788
185,Oracle,0,185,21.01524970535143,101.97811861592604
186,Oracle,0,186,22.24477551024724,100.56991410577776
187,Oracle,0,187,21.406854497426547,100.09141542674594
188,Oracle,0,188,21.40565618765449,100.77616890356046
189,Oracle,0,189,22.57990257030091,101.0163703591239
190,Oracle,0,190,21.826346699359696,98.81682726381676
191,Oracle,0,191,21.343230636002453,101.86324045013262
192,Oracle,0,192,21.52109092448617,98.33404867798384
193,Oracle,0,193,21.238330359699845,102.50352921358451
194,Oracle,0,194,21.873881988253576,100.05048919985832
195,Oracle,0,195,20.3302993049835,100.23330469043736
196,Oracle,0,196,22.2184071041026,101.86296891308534
197,Oracle,0,197,22.12613537601689,99.73009513437644
198,Oracle,0,198,22.43781264850897,99.43500924224524
199,Oracle,0,199,21.940839510502,101.45065777818866
200,Oracle,1,0,24.742753578255343,116.62524072204256
201,Oracle,1,1,25.6089667666313,117.344770923233
202,Oracle,1,2,24.5461232689583,116.2934688317562
203,Oracle,1,3,24.752560994605204,117.036233332256
204,Oracle,1,4,25.07028173858848,116.89843588073012
205,Oracle,1,5,24.61237088010749,116.68964647575235
206,Oracle,1,6,24.35709836160414,116.75725251601897
207,Oracle,1,7,25.19316762645248,117.94886244939472
208,Oracle,1,8,24.34520709462535,116.26539588220214
209,Oracle,1,9,23.71274607763464,116.33140114559016
210,Oracle,1,10,25.001014090923587,115.79710410218128
211,Oracle,1,11,24.97357648701736,116.98805951666712
212,Oracle,1,12,24.977873668429755,116.72323565942924
213,Oracle,1,13,24.19461780162375,117.27662806329644
214,Oracle,1,14,24.123436336859346,117.07639547877729
215,Oracle,1,15,24.3792217762561,117.19359094191636
216,Oracle,1,16,24.711906539781648,116.95149663259376
217,Oracle,1,17,24.51232247499979,116.79865804966362
218,Oracle,1,18,25.16806106668265,116.3453968086004
219,Oracle,1,19,24.854280736099355,116.6775698322114
220,Oracle,1,20,24.85605353294069,116.87358675603242
221,Oracle,1,21,25.556349117604483,116.85515137568576
222,Oracle,1,22,25.36656735938081,116.68509803346738
223,Oracle,1,23,24.47847299509094,117.46679512133991
224,Oracle,1,24,24.8455659836668,117.22148723586731
225,Oracle,1,25,24.729517894188707,117.230105785355
226,Oracle,1,26,23.58477030407536,117.2540421608898
227,Oracle,1,27,23.38168555530309,116.71462470354038
228,Oracle,1,28,24.841881243307384,117.27509946302142
229,Oracle,1,29,25.126637566573667,115.60207211326797
230,Oracle,1,30,24.61368726382933,117.68108663760592
231,Oracle,1,31,24.348621713907924,116.01798663159607
232,Oracle,1,32,24.384067640650645,117.24221899638692
233,Oracle,1,33,24.84077229520614,117.84332354497546
234,Oracle,1,34,25.34431107980311,115.91738491463283
235,Oracle,1,35,24.750512702304032,115.45613784615652
236,Oracle,1,36,24.398704447759165,117.32205736154404
237,Oracle,1,37,24.946341874316943,116.5550148295375
238,Oracle,1,38,24.901528700937348,116.3771843688458
239,Oracle,1,39,25.313419271071,116.89016076230894
240,Oracle,1,40,24.1320323071882,117.59611737486097
241,Oracle,1,41,25.53599790149956,116.91977635498236
242,Oracle,1,42,25.25041769973304,116.05642022871427
243,Oracle,1,43,24.7814183678972,117.278145799115
244,Oracle,1,44,24.871002608776163,116.2861980061944
245,Oracle,1,45,24.53802165811205,116.08998064621218
246,Oracle,1,46,24.43890202778193,116.4384145393544
247,Oracle,1,47,24.82324186619653,117.1921546972552
248,Oracle,1,48,24.070490087519385,117.54666222286306
249,Oracle,1,49,24.542728731355265,116.11190984814247
250,Oracle,1,50,24.480362406863684,117.65711046241442
251,Oracle,1,51,24.28627426973172,117.19375090744984
252,Oracle,1,52,23.97493475885078,116.71146365046182
253,Oracle,1,53,25.34332980975964,116.4816048869645
254,Oracle,1,54,24.85980744943362,117.02833004991922
255,Oracle,1,55,24.135086238669462,115.97290392084636
256,Oracle,1,56,24.63479673119885,116.51930718745083
257,Oracle,1,57,25.260892711012207,117.61533303166507
258,Oracle,1,58,24.06186513908674,117.46386410611268
259,Oracle,1,59,25.05574613005192,116.33870275082349
260,Oracle,1,60,25.039698614417684,115.62735402145226
261,Oracle,1,61,24.72679200891382,117.11349420566984
262,Oracle,1,62,25.75465322200529,116.55711391540196
263,Oracle,1,63,24.59043766155227,116.80964409666024
264,Oracle,1,64,24.34074679140656,116.16034158313134
265,Oracle,1,65,24.52081871142262,117.23266406841398
266,Oracle,1,66,24.12446294904021,116.66626867047744
267,Oracle,1,67,24.010749204853195,116.29338525208686
268,Oracle,1,68,24.3969395801991,115.48442162467224
269,Oracle,1,69,24.817040094737752,117.61056537929755
270,Oracle,1,70,24.7461817499567,116.22212101197258
271,Oracle,1,71,24.640129528906964,116.64971380869244
272,Oracle,1,72,24.357305179114952,116.54656026175262
273,Oracle,1,73,23.8409395598741,116.73907445012276
274,Oracle,1,74,24.28124077151229,116.97695003894344
275,Oracle,1,75,24.82402173752317,116.74764806039354
276,Oracle,1,76,25.55633955621307,116.0794417828358
277,Oracle,1,77,24.749034963566395,116.15179138587536
278,Oracle,1,78,24.726301230051572,117.00293462057446
279,Oracle,1,79,24.707875972188223,116.75801444142483
280,Oracle,1,80,25.70971083499516,117.186452047331
281,Oracle,1,81,24.6695225547176,117.12183616329476
282,Oracle,1,82,24.160954721731493,116.13068542018404
283,Oracle,1,83,23.927703495106798,117.2113731917251
284,Oracle,1,84,23.9336970389174,116.88504310211148
285,Oracle,1,85,24.430216849134283,117.04711847748
286,Oracle,1,86,24.300748326515293,116.68009019861154
287,Oracle,1,87,24.56695466768261,116.93493941099165
288,Oracle,1,88,24.100965548717653,118.07364323731304
289,Oracle,1,89,24.79868560271908,117.05067306897163
290,Oracle,1,90,24.294629659428168,115.7410300436251
291,Oracle,1,91,23.643359420198166,115.96828312272388
292,Oracle,1,92,24.41072744849224,115.848926505147
293,Oracle,1,93,24.560114010352823,115.82302292562298
294,Oracle,1,94,24.7095228968816,116.4647120052064
295,Oracle,1,95,25.037859568014326,116.5998963855169
296,Oracle,1,96,24.806732640521854,116.47122800518368
297,Oracle,1,97,24.160419421306237,117.15150267185936
298,Oracle,1,98,24.1804786598124,116.69651985588432
299,Oracle,1,99,24.75820312138253,116.00914731933467
300,Oracle,1,100,24.07988860340225,116.681058786387
301,Oracle,1,101,24.74099758205636,116.1893628961106
302,Oracle,1,102,24.4408553467668,117.86639894006076
303,Oracle,1,103,25.425005256166298,117.7934500612514
304,Oracle,1,104,24.73054151892248,116.89917651783134
305,Oracle,1,105,24.921006440931368,116.70606327734986
306,Oracle,1,106,24.68865197033481,117.09079531819238
307,Oracle,1,107,23.77705723846222,117.80226384809868
308,Oracle,1,108,25.372428261904545,116.86564103608232
309,Oracle,1,109,25.008901382076896,116.3926018522016
310,Oracle,1,110,24.008621599373623,116.51531822757188
311,Oracle,1,111,24.122935354586197,117.4137262270198
312,Oracle,1,112,23.881964004508205,116.2438088658972
313,Oracle,1,113,24.0278919075601,116.17223221818138
314,Oracle,1,114,24.632114489905543,116.00670947929778
315,Oracle,1,115,24.63811001494573,116.34634141069084
316,Oracle,1,116,24.61819378000517,115.7510848077004
317,Oracle,1,117,24.60199805098198,117.12963942108964
318,Oracle,1,118,25.784802329593152,116.01210768115918
319,Oracle,1,119,24.62094846522574,115.48658730391575
320,Oracle,1,120,24.01214693430772,117.2682508344286
321,Oracle,1,121,24.03609247162832,117.15171192561394
322,Oracle,1,122,24.72447880835828,116.39911570688392
323,Oracle,1,123,24.738612326091687,116.6209813938906
324,Oracle,1,124,24.107408951041744,116.1373326199158
325,Oracle,1,125,24.49472575472952,116.96159930263067
326,Oracle,1,126,24.53943663535265,116.93646265256794
327,Oracle,1,127,24.917563310534597,116.77764184090913
328,Oracle,1,128,24.52909172548528,116.94733745111932
329,Oracle,1,129,25.163556269760583,117.13808619814424
330,Oracle,1,130,25.212341005685893,117.0321882823152
331,Oracle,1,131,24.89663745009453,116.70889761015836
332,Oracle,1,132,24.675796252095488,116.4675052946119
333,Oracle,1,133,25.28425283430397,116.78096957077727
334,Oracle,1,134,25.0434181741636,117.04824740896252
335,Oracle,1,135,24.597383141525714,116.80650715263924
336,Oracle,1,136,25.031629238790543,116.2380806934912
337,Oracle,1,137,25.35504860910682,116.08677832975664
338,Oracle,1,138,24.441112301245013,116.00087211141722
339,Oracle,1,139,25.163276779324697,116.9508757379282
340,Oracle,1,140,24.01845467115032,117.23131758589992
341,Oracle,1,141,24.228068431190508,116.4017523039703
342,Oracle,1,142,25.27247039270292,115.38897129727545
343,Oracle,1,143,23.70517148659549,117.1159299215697
344,Oracle,1,144,24.091793143992287,116.70583161856985
345,Oracle,1,145,24.32511609729434,117.28804796366428
346,Oracle,1,146,24.826905435763276,117.73195976426994
347,Oracle,1,147,26.015620138344744,115.60381909411502
348,Oracle,1,148,24.816168788083857,117.00184364236311
349,Oracle,1,149,24.47102489819683,116.92471957491136
350,Oracle,1,150,23.9838568632847,117.48189000429625
351,Oracle,1,151,24.455776102007885,116.30471221117672
352,Oracle,1,152,24.62502990000433,117.06090448331916
353,Oracle,1,153,24.893302340612745,117.42445362018944
354,Oracle,1,154,24.368493147524724,116.94499212130944
355,Oracle,1,155,24.89407525440894,116.12141868914028
356,Oracle,1,156,24.61737665214204,116.76561418092147
357,Oracle,1,157,25.2870611346702,116.30272963384814
358,Oracle,1,158,24.637130181007347,117.09669586898708
359,Oracle,1,159,24.92703523348528,116.5153713907309
360,Oracle,1,160,24.113015902456585,117.49098036624312
361,Oracle,1,161,25.262333886159965,116.5585590117174
362,Oracle,1,162,24.253721419115998,116.78959598494988
363,Oracle,1,163,24.166582248823342,115.18787315063408
364,Oracle,1,164,25.481311985394115,116.34388898681362
365,Oracle,1,165,25.422989002966546,116.26833278208032
366,Oracle,1,166,25.16171249020256,116.71887498204887
367,Oracle,1,167,24.581733799720247,116.52054899354312
368,Oracle,1,168,24.50207549225157,116.90474664790628
369,Oracle,1,169,25.267087840537865,116.77873053526064
370,Oracle,1,170,24.85783174869755,117.23608062735975
371,Oracle,1,171,24.182517793826733,117.27587385174664
372,Oracle,1,172,24.669115301253218,116.25243809697162
373,Oracle,1,173,24.06267890070537,117.16049906730449
374,Oracle,1,174,24.52660959980645,115.97157145657854
375,Oracle,1,175,24.54060621281863,116.62827394413712
376,Oracle,1,176,23.816240130444324,117.02279767099702
377,Oracle,1,177,23.71295893360917,117.18742472894726
378,Oracle,1,178,24.681101195335653,116.925801797271
379,Oracle,1,179,24.17293513971247,117.45260151305312
380,Oracle,1,180,24.503461669901903,117.15692982159564
381,Oracle,1,181,24.629316024188647,115.55674553770646
382,Oracle,1,182,24.314348349348503,117.72413306521352
383,Oracle,1,183,24.95014183669564,117.7095724005686
384,Oracle,1,184,24.7085165403224,118.14912388731936
385,Oracle,1,185,24.67444433723758,115.9980514986622
386,Oracle,1,186,24.50945191497656,117.322436951257
387,Oracle,1,187,23.911955532970907,116.43837064169772
388,Oracle,1,188,24.935031654309363,116.08769416446584
389,Oracle,1,189,24.715038709683952,116.5460926786741
390,Oracle,1,190,24.45443430152237,116.76225728714547
391,Oracle,1,191,25.09161168064363,116.05610175978563
392,Oracle,1,192,24.25881289930837,115.75181357168566
393,Oracle,1,193,24.39520063018757,117.11350354143148
394,Oracle,1,194,25.48001539665985,117.4545449167788
395,Oracle,1,195,25.174512157661656,116.8611740330546
396,Oracle,1,196,24.81379771709144,116.47280857645455
397,Oracle,1,197,24.926456706421487,117.05934293021396
398,Oracle,1,198,25.009192433342527,116.2262643006407
399,Oracle,1,199,24.22954279283421,117.1972356376986
400,Oracle,2,0,25.25446422462683,125.8404739205046
401,Oracle,2,1,23.8375132448685,124.72264191270028
402,Oracle,2,2,25.10844281129052,125.25514848735332
403,Oracle,2,3,25.39532423704398,124.5077959659626
404,Oracle,2,4,24.058505888426776,126.01702805479488
405,Oracle,2,5,25.906438612480205,125.20369370356175
406,Oracle,2,6,25.84650536440435,125.38603495394898
407,Oracle,2,7,24.932417886276586,126.02393637338128
408,Oracle,2,8,25.175339991163465,125.78247528692572
409,Oracle,2,9,24.817368198560654,125.46508133754126
410,Oracle,2,10,25.421658988419395,127.57433179041509
411,Oracle,2,11,25.31834293648712,125.54802680382905
412,Oracle,2,12,24.904374111533706,125.2304108259587
413,Oracle,2,13,25.61452775354064,125.9311714330545
414,Oracle,2,14,24.884668209936816,125.81257979518348
415,Oracle,2,15,25.611275441964576,125.8579039604057
416,Oracle,2,16,24.9502196552362,126.08405200637534
417,Oracle,2,17,26.02877433362668,125.6368147649864
418,Oracle,2,18,26.368395418620388,125.8025792431798
419,Oracle,2,19,25.62575776610749,125.15825810003116
420,Oracle,2,20,24.577066845939445,125.84162252259011
421,Oracle,2,21,24.71584909225137,125.53822649528584
422,Oracle,2,22,25.39181323017283,125.17954226805608
423,Oracle,2,23,25.370986983312136,124.67854173848828
424,Oracle,2,24,26.369144676487867,126.88818738020449
425,Oracle,2,25,25.998045129167814,126.10171426992127
426,Oracle,2,26,26.11923098116924,124.7986289505684
427,Oracle,2,27,25.50403984902167,125.36300650272858
428,Oracle,2,28,26.106556689833,125.62561914537775
429,Oracle,2,29,25.667741782220784,124.8901197556482
430,Oracle,2,30,26.05659451771883,125.80064642767388
431,Oracle,2,31,24.83599967883941,125.37838591644302
432,Oracle,2,32,25.265160278413347,125.13493700640996
433,Oracle,2,33,26.024150020963894,126.02069521474756
434,Oracle,2,34,26.2893628130092,126.24057301877694
435,Oracle,2,35,25.277661972241397,125.83865721166528
436,Oracle,2,36,25.6646546079233,125.68342593428888
437,Oracle,2,37,25.99524485250889,124.43813447330292
438,Oracle,2,38,25.0570818504514,124.8064731355502
439,Oracle,2,39,25.599739460322144,125.77660457885888
440,Oracle,2,40,25.035504400677485,125.08445561833702
441,Oracle,2,41,25.314921111510333,124.9734680872946
442,Oracle,2,42,25.84659970167002,124.33181358785086
443,Oracle,2,43,24.77728045797195,124.94734790860645
444,Oracle,2,44,25.42088244655461,125.47721386081456
445,Oracle,2,45,25.74744678682892,126.979666152137
446,Oracle,2,46,25.05233453126287,126.26567339885749
447,Oracle,2,47,25.48861912064125,124.14110091478248
448,Oracle,2,48,26.72185892150952,125.28171185565184
449,Oracle,2,49,24.414773557439418,126.44170727166257
450,Oracle,2,50,25.549498581486937,123.6227300074149
451,Oracle,2,51,25.466431606637247,126.993321394811
452,Oracle,2,52,25.75679613951898,125.81068874761716
453,Oracle,2,53,24.72943689516228,125.82232199164363
454,Oracle,2,54,25.820609229857155,127.13264808925506
455,Oracle,2,55,25.460171123997775,125.31306538147646
456,Oracle,2,56,24.99814928727385,125.03276256310863
457,Oracle,2,57,24.77346890544483,126.2559889151002
458,Oracle,2,58,25.888251614879024,127.30250892254044
459,Oracle,2,59,24.9606166597187,124.53895785436512
460,Oracle,2,60,26.102373721188417,127.32008521719264
461,Oracle,2,61,26.51299752379029,126.13689639981808
462,Oracle,2,62,25.383260576323668,125.65443610216384
463,Oracle,2,63,25.058555017912298,124.19985233050912
464,Oracle,2,64,26.226270591204173,126.860383227043
465,Oracle,2,65,26.237231291282345,125.84081514599308
466,Oracle,2,66,25.51755667114161,127.21173464381415
467,Oracle,2,67,24.93926432500515,125.31678677684178
468,Oracle,2,68,26.2194938174513,125.40582073647388
469,Oracle,2,69,26.05387268370256,125.67776475262885
470,Oracle,2,70,25.98924993577198,125.87006368039484
471,Oracle,2,71,25.16205259732288,126.60091528482016
472,Oracle,2,72,26.202252513764897,124.25528125469562
473,Oracle,2,73,25.371407599731118,125.14980651932233
474,Oracle,2,74,25.34221177438777,124.85153007323956
475,Oracle,2,75,24.460600697709296,126.04655932652408
476,Oracle,2,76,25.875316567679988,127.0595362440209
477,Oracle,2,77,24.887225984947914,124.64447328793118
478,Oracle,2,78,25.789865018653487,125.24125651335382
479,Oracle,2,79,25.405593533316964,125.02939406621776
480,Oracle,2,80,25.68789011107924,125.66331734872723
481,Oracle,2,81,25.228738317826057,125.78402688403796
482,Oracle,2,82,25.014260174539164,125.56205200544048
483,Oracle,2,83,25.291250026837567,124.7657032499753
484,Oracle,2,84,26.959557169416996,126.07533247329404
485,Oracle,2,85,25.168659857591805,125.84026409707609
486,Oracle,2,86,26.31539821164892,124.44695669554866
487,Oracle,2,87,25.86483782635275,124.77762216694966
488,Oracle,2,88,25.69319432593996,124.99330716400124
489,Oracle,2,89,25.41516619063179,126.10410680388176
490,Oracle,2,90,24.17431786768559,125.44044428530115
491,Oracle,2,91,26.20718758981892,125.5663430499961
492,Oracle,2,92,25.12221921253573,126.18427255936096
493,Oracle,2,93,24.95191259019214,124.19455223597022
494,Oracle,2,94,25.205957213776585,126.10489280603711
495,Oracle,2,95,26.77169073627166,125.1271707230054
496,Oracle,2,96,26.0537079712661,125.3566391699182
497,Oracle,2,97,26.13733311755176,126.2533010782724
498,Oracle,2,98,26.03139237375943,127.04621076413866
499,Oracle,2,99,26.49342749359549,124.96982964854038
500,Oracle,2,100,24.850061917813168,125.18189795928298
501,Oracle,2,101,24.390845065973544,125.76103193520557
502,Oracle,2,102,25.078160285958216,125.45074848576952
503,Oracle,2,103,24.95671037277268,126.66885383450496
504,Oracle,2,104,23.736922210114027,124.08703537009576
505,Oracle,2,105,24.689842908849645,126.46490727923084
506,Oracle,2,106,26.038841963823224,125.55230162356328
507,Oracle,2,107,25.30576463857152,126.5905160809316
508,Oracle,2,108,25.675332636029093,126.15067813223986
509,Oracle,2,109,25.43660312537413,124.97695109462047
510,Oracle,2,110,26.16071155413657,125.09893449974358
511,Oracle,2,111,24.75163161565768,126.49892443983644
512,Oracle,2,112,25.752745992551425,125.68337810529144
513,Oracle,2,113,26.018444997867565,125.7960770692552
514,Oracle,2,114,24.9393018765233,124.30431761619158
515,Oracle,2,115,26.960818473462297,126.2804537265232
516,Oracle,2,116,25.933439626104963,125.7681646670958
517,Oracle,2,117,25.552893590088978,124.43009626153189
518,Oracle,2,118,25.987490969640056,125.45889004664986
519,Oracle,2,119,26.16760383486992,126.61217501362223
520,Oracle,2,120,24.98445964942312,125.96454462213704
521,Oracle,2,121,24.734059514166148,125.8530718352492
522,Oracle,2,122,25.269635377149616,124.17070057367754
523,Oracle,2,123,26.06223334474016,125.3930164499751
524,Oracle,2,124,24.15295311499205,124.68228506115028
525,Oracle,2,125,25.435042301418992,126.71782691472136
526,Oracle,2,126,25.915171562209835,127.06027518151774
527,Oracle,2,127,25.54664459775617,125.1999044548765
528,Oracle,2,128,25.688322790429943,126.86844039324316
529,Oracle,2,129,25.11742890003766,126.19086724982436
530,Oracle,2,130,25.576846771086053,126.36290634999597
531,Oracle,2,131,25.877082254695505,125.4276706134976
532,Oracle,2,132,26.018367331866187,126.54920059045745
533,Oracle,2,133,25.71615992198792,126.29772734929598
534,Oracle,2,134,26.38838737485154,125.36107096976768
535,Oracle,2,135,24.7480157872724,125.5878552856078
536,Oracle,2,136,26.58290977638436,128.24008921343398
537,Oracle,2,137,24.979719377020725,125.56517055323437
538,Oracle,2,138,26.39451635005051,127.3098495754572
539,Oracle,2,139,25.730499896144533,125.61417503267974
540,Oracle,2,140,25.454174867329915,124.76880252153347
541,Oracle,2,141,24.77129460272603,124.84976243585488
542,Oracle,2,142,26.168371725437535,125.96289655256376
543,Oracle,2,143,25.35941193084672,126.02165923529772
544,Oracle,2,144,25.8697853112613,125.28034811353024
545,Oracle,2,145,26.400810633296945,126.30098595127517
546,Oracle,2,146,25.02060922190148,126.03560940636946
547,Oracle,2,147,25.408606952152,126.68550795901398
548,Oracle,2,148,25.74577548606276,126.17055274675737
549,Oracle,2,149,25.394152150202466,126.77899446598504
550,Oracle,2,150,25.945287059268864,125.55657180848344
551,Oracle,2,151,25.07603855143698,124.5213252710378
552,Oracle,2,152,24.460115918806977,126.111291945161
553,Oracle,2,153,24.130852059507863,127.50813555653308
554,Oracle,2,154,25.370988021725,125.20271873676592
555,Oracle,2,155,25.3560198359196,124.1020840470454
556,Oracle,2,156,25.637205261579624,126.283907664027
557,Oracle,2,157,24.95746299284892,126.14422827084378
558,Oracle,2,158,25.55921135838068,124.7247149241594
559,Oracle,2,159,25.105815311189257,125.81241498217624
560,Oracle,2,160,25.926579471903278,126.51530466594322
561,Oracle,2,161,26.411044186485046,125.05603672636788
562,Oracle,2,162,25.735212433526904,125.44477804415315
563,Oracle,2,163,25.353387172237746,126.82633071951297
564,Oracle,2,164,24.7285751760637,125.39193922345952
565,Oracle,2,165,25.64273372631425,126.08350713783211
566,Oracle,2,166,25.762164326812023,124.40932115623588
567,Oracle,2,167,26.04518308307875,125.55701907890904
568,Oracle,2,168,26.02859632457587,124.21449934163184
569,Oracle,2,169,26.047627633650578,126.07747791647463
570,Oracle,2,170,25.32256665088885,125.69391543363956
571,Oracle,2,171,26.403193856372155,127.13781994431312
572,Oracle,2,172,25.368776047276977,124.52195178202808
573,Oracle,2,173,25.2659847845982,124.6133477291665
574,Oracle,2,174,25.019520164972345,125.3146921283632
575,Oracle,2,175,25.13936441567118,127.1100982776548
576,Oracle,2,176,25.73505552410885,125.38660291195136
577,Oracle,2,177,25.69164288040851,126.03970835842256
578,Oracle,2,178,25.09207325312001,125.55171394431456
579,Oracle,2,179,25.19462873799669,126.3083213938758
580,Oracle,2,180,25.73398507117656,125.41374406615452
581,Oracle,2,181,25.50745108067812,124.76585128641358
582,Oracle,2,182,26.171052934056576,126.54312447597678
583,Oracle,2,183,26.051698491890807,126.01984638270454
584,Oracle,2,184,25.119481356381844,124.53405323060554
585,Oracle,2,185,25.210651915809404,125.17028856629838
586,Oracle,2,186,25.66984143151224,125.81653115957084
587,Oracle,2,187,24.45697828785468,126.6575422763826
588,Oracle,2,188,24.7973189712932,124.45031447866286
589,Oracle,2,189,25.305304550337087,126.51872327173176
590,Oracle,2,190,25.41029482337571,126.51811810943236
591,Oracle,2,191,26.013028856924407,124.34099369515356
592,Oracle,2,192,25.755100541619093,125.84100030820662
593,Oracle,2,193,26.23913514219208,126.36491748196563
594,Oracle,2,194,25.452944787703185,125.41458443049102
595,Oracle,2,195,25.73253796401273,126.2335524687456
596,Oracle,2,196,25.606748915945044,126.2209997864383
597,Oracle,2,197,24.96786089693445,126.6301108597638
598,Oracle,2,198,25.31506162086856,125.05999248521536
599,Oracle,2,199,25.32117179632845,126.57269465768655
600,Oracle,3,0,26.41548108673337,130.64184140418075
601,Oracle,3,1,25.74821566447304,129.5739848839142
602,Oracle,3,2,26.179255950330216,129.66287879745434
603,Oracle,3,3,26.33061675163273,131.28459972770247
604,Oracle,3,4,26.49092986508148,129.58899627126146
605,Oracle,3,5,25.98412733909478,129.68239003581454
606,Oracle,3,6,25.82585064487625,130.91499225280842
607,Oracle,3,7,27.34863921292217,130.27597875643949
608,Oracle,3,8,25.363152072465137,129.70237563897763
609,Oracle,3,9,26.05486472713413,130.32495408520856
610,Oracle,3,10,25.015420885546614,130.1481270251245
611,Oracle,3,11,25.84423897361447,129.45520705403257
612,Oracle,3,12,25.692431624357543,129.34536287497122
613,Oracle,3,13,25.438430679797516,131.0959338984961
614,Oracle,3,14,25.24807437724176,130.14218235880946
615,Oracle,3,15,26.502840936063,131.3874034577064
616,Oracle,3,16,25.43704380062765,129.93719474670715
617,Oracle,3,17,25.072445533370043,130.29778707601173
618,Oracle,3,18,25.383841650459807,130.82074648186338
619,Oracle,3,19,26.859084910360743,131.29546550771184
620,Oracle,3,20,25.112546659983582,129.4152512769132
621,Oracle,3,21,26.060070221427537,128.38983025623472
622,Oracle,3,22,26.12518132931539,130.63629664226357
623,Oracle,3,23,27.46860525994829,128.5249332464301
624,Oracle,3,24,25.57783598280285,130.67943695978414
625,Oracle,3,25,25.38132344140242,130.77073889745313
626,Oracle,3,26,25.62802174992836,130.30458833521894
627,Oracle,3,27,25.57260692609477,130.717022331094
628,Oracle,3,28,25.52843925360456,129.285318423968
629,Oracle,3,29,25.54373479338688,131.619845138135
630,Oracle,3,30,24.65809521945557,130.80425314887404
631,Oracle,3,31,25.888374078011285,130.11661398751232
632,Oracle,3,32,26.279141778694008,129.86724235918547
633,Oracle,3,33,25.36935884990773,130.69160430612268
634,Oracle,3,34,25.839552572862623,130.14091919439414
635,Oracle,3,35,25.9278541981798,129.37613240378695
636,Oracle,3,36,25.277858463077727,130.93673185728437
637,Oracle,3,37,25.07949130721368,130.99864989646397
638,Oracle,3,38,25.021285352020985,131.00130870012694
639,Oracle,3,39,26.03688251914393,129.97094426016488
640,Oracle,3,40,26.12600197637049,129.85682552516775
641,Oracle,3,41,25.220366963528686,131.30671656783863
642,Oracle,3,42,26.02274917693656,130.39297327421176
643,Oracle,3,43,26.09585189247004,129.41109169168607
644,Oracle,3,44,26.08810867047956,130.79713201069472
645,Oracle,3,45,26.20842483197775,129.61543428530172
646,Oracle,3,46,25.75339610719325,130.46958996396725
647,Oracle,3,47,26.102310204298664,129.9670749434655
648,Oracle,3,48,25.3465457911218,130.26922012834223
649,Oracle,3,49,25.086095962097797,129.13703463757508
650,Oracle,3,50,24.96066007780341,131.10682582061446
651,Oracle,3,51,25.9765030919122,130.12696372013642
652,Oracle,3,52,25.37196809648533,129.7190209836766
653,Oracle,3,53,26.51206958141676,129.00598140694095
654,Oracle,3,54,25.260195020152064,131.40486249666054
655,Oracle,3,55,25.494240638083948,130.22865574231378
656,Oracle,3,56,25.673544034297105,130.24872571357142
657,Oracle,3,57,26.181879482219447,129.7637508342432
658,Oracle,3,58,26.25875592002001,130.49073601909686
659,Oracle,3,59,26.93855446833987,130.21651004631872
660,Oracle,3,60,25.78094706659911,130.06661401367367
661,Oracle,3,61,25.79330743594851,129.79059442030572
662,Oracle,3,62,25.377324524968827,130.40122569001397
663,Oracle,3,63,25.63099911718389,129.63399056662809
664,Oracle,3,64,26.24499216273565,128.85301507303538
665,Oracle,3,65,25.674498834586394,130.45635399308694
666,Oracle,3,66,26.38600067777742,130.00631684779853
667,Oracle,3,67,25.282861938601663,130.94997342768104
668,Oracle,3,68,26.401916258846715,129.3791039378419
669,Oracle,3,69,26.24988197436712,131.36127845505882
670,Oracle,3,70,26.518762298737496,130.52218698975776
671,Oracle,3,71,26.030897659027023,128.9223981216882
672,Oracle,3,72,26.06784455956321,130.0062178582161
673,Oracle,3,73,25.582416971177995,130.33692259874212
674,Oracle,3,74,26.555041547225297,132.04546526919796
675,Oracle,3,75,27.0954104892928,129.33955089500185
676,Oracle,3,76,25.77837587823363,129.95518522730026
677,Oracle,3,77,25.20204088734075,132.03869762007378
678,Oracle,3,78,25.83634303316532,129.94916236569642
679,Oracle,3,79,26.372732147002623,129.29463374820406
680,Oracle,3,80,25.89574703354645,131.18891509100246
681,Oracle,3,81,26.56051486541217,128.9571106242394
682,Oracle,3,82,25.044062052662944,130.4100123732974
683,Oracle,3,83,25.91392628476898,130.96261423189523
684,Oracle,3,84,25.10418567842943,129.6357538513773
685,Oracle,3,85,25.04519792525173,129.51120505153588
686,Oracle,3,86,25.70071260939518,130.79454078720974
687,Oracle,3,87,26.59522145686461,129.72891437467018
688,Oracle,3,88,25.77452691239765,130.57959250497763
689,Oracle,3,89,26.126207444534728,130.74706844329177
690,Oracle,3,90,25.62835149440196,130.49790087380882
691,Oracle,3,91,25.987118697321524,130.2042032744746
692,Oracle,3,92,25.123911316066973,130.59374007190135
693,Oracle,3,93,26.12801975491193,129.93740657630912
694,Oracle,3,94,25.969551031035763,129.34157468190944
695,Oracle,3,95,25.751962015096577,131.53328181882358
696,Oracle,3,96,25.337856254562556,130.7025080130499
697,Oracle,3,97,24.569118704549552,132.27903434758585
698,Oracle,3,98,26.284436851164884,129.13138951450247
699,Oracle,3,99,26.04499715872481,130.6178898416366
700,Oracle,3,100,25.979761129141863,129.90202819405857
701,Oracle,3,101,26.16887886835218,129.3866873526315
702,Oracle,3,102,25.81106458434866,129.84986306314616
703,Oracle,3,103,25.75450530820387,131.32141491788235
704,Oracle,3,104,25.97566457469709,129.11752606796355
705,Oracle,3,105,24.591260598531576,130.47985683930082
706,Oracle,3,106,24.845347334060943,129.72498691737042
707,Oracle,3,107,26.11604493281513,128.93564326127927
708,Oracle,3,108,25.76250353757892,130.4447890751784
709,Oracle,3,109,25.99599011991129,129.2000075441069
710,Oracle,3,110,26.60317977717127,129.87338170543387
711,Oracle,3,111,25.73910482971219,129.12025501758032
712,Oracle,3,112,25.298159191992497,130.99800521566263
713,Oracle,3,113,25.898045414933826,131.5235062356196
714,Oracle,3,114,26.348391084325907,130.77412048850584
715,Oracle,3,115,24.983709184156147,130.2973182776335
716,Oracle,3,116,25.56088446024892,131.05108486762893
717,Oracle,3,117,26.389834913342774,130.51823477709732
718,Oracle,3,118,25.96813615828369,130.64731726257523
719,Oracle,3,119,26.52048368946696,130.4494680868923
720,Oracle,3,120,25.798251843051595,129.9224029586684
721,Oracle,3,121,26.721601645791107,129.4138658237935
722,Oracle,3,122,26.484977541928632,129.07349202001737
723,Oracle,3,123,25.45037821430502,129.99324413603094
724,Oracle,3,124,25.580044661898206,129.00918488580734
725,Oracle,3,125,25.623270761062063,131.4478622844525
726,Oracle,3,126,25.46453522873646,129.77907243048227
727,Oracle,3,127,26.56377221182212,131.73370185068353
728,Oracle,3,128,26.198205148756625,130.1700434372074
729,Oracle,3,129,25.952678466476183,130.78562904946347
730,Oracle,3,130,27.299142580634697,129.62053197785687
731,Oracle,3,131,26.392139831625613,130.44682937118236
732,Oracle,3,132,26.205393858216876,129.41340695025477
733,Oracle,3,133,26.73133607084141,129.9242511391746
734,Oracle,3,134,25.552528595550747,132.4681245102789
735,Oracle,3,135,26.22692074300971,130.36269270362507
736,Oracle,3,136,26.006165231637187,129.42747045267276
737,Oracle,3,137,25.05579094489261,131.27019195652977
738,Oracle,3,138,26.62788515676884,129.8281827729261
739,Oracle,3,139,26.20342554831011,129.66919486930684
740,Oracle,3,140,25.748529728588693,130.42920806890857
741,Oracle,3,141,25.51762291088934,129.74689495072883
742,Oracle,3,142,25.83890575084565,130.29683240344133
743,Oracle,3,143,25.39227606602277,129.40945308684223
744,Oracle,3,144,25.96309235032099,130.06731984612293
745,Oracle,3,145,25.918227980504124,130.16604627752247
746,Oracle,3,146,26.157931323086917,129.96391253914854
747,Oracle,3,147,26.204515033122316,131.05696948460312
748,Oracle,3,148,25.6927713542154,131.25755795610357
749,Oracle,3,149,25.118652443810387,130.0626234950725
750,Oracle,3,150,25.364374710545025,130.4742786318309
751,Oracle,3,151,25.721224759744143,130.912033356596
752,Oracle,3,152,25.35480422964818,130.39431627889314
753,Oracle,3,153,26.05231917362172,130.37749106011216
754,Oracle,3,154,25.910839049783945,131.2517010206711
755,Oracle,3,155,24.96343423537308,130.17356800367773
756,Oracle,3,156,25.93683110289987,130.70094715369828
757,Oracle,3,157,25.791979258357077,130.46003864416244
758,Oracle,3,158,25.51086551153358,129.9743068233282
759,Oracle,3,159,25.35345486954072,130.518626488277
760,Oracle,3,160,24.881158506348488,130.85545447060554
761,Oracle,3,161,26.69709160586044,130.150406087334
762,Oracle,3,162,26.24039712620533,129.38979149994415
763,Oracle,3,163,26.506102306336548,129.9833468267147
764,Oracle,3,164,25.839845644964363,130.61671443230784
765,Oracle,3,165,25.612335788986385,130.47204786514484
766,Oracle,3,166,25.897700995511205,130.1217000894883
767,Oracle,3,167,25.08219144065599,130.73202882343082
768,Oracle,3,168,25.31259745453649,130.16441474109993
769,Oracle,3,169,26.250618952888,129.9147742699804
770,Oracle,3,170,25.05385158674741,130.16026908262438
771,Oracle,3,171,25.499996793076043,130.8763176697551
772,Oracle,3,172,26.05874610235541,130.45284920432366
773,Oracle,3,173,25.930331218654555,131.13167289122666
774,Oracle,3,174,25.887605986147765,129.80825165347517
775,Oracle,3,175,25.729723343002124,130.24116408338048
776,Oracle,3,176,25.246475306428508,129.7595657120877
777,Oracle,3,177,25.345746269461184,130.3482086205526
778,Oracle,3,178,26.23304746687002,129.7040131525327
779,Oracle,3,179,25.816306482237064,129.46698587709486
780,Oracle,3,180,24.731974323231725,131.75914434711487
781,Oracle,3,181,26.416237160357998,129.71189035165415
782,Oracle,3,182,26.370904330999647,130.265365076951
783,Oracle,3,183,25.98154416195874,130.59893588529263
784,Oracle,3,184,25.75063746437627,131.08687815674813
785,Oracle,3,185,24.87378541469726,131.25139675627358
786,Oracle,3,186,26.07837822528689,129.61451853131155
787,Oracle,3,187,27.131976447410874,129.05481739888822
788,Oracle,3,188,25.12556045549733,130.8745356167835
789,Oracle,3,189,26.544291135351315,129.84573903807365
790,Oracle,3,190,27.065408112438277,128.6633353465377
791,Oracle,3,191,25.007125423058586,131.18392115634896
792,Oracle,3,192,26.09589471312482,129.73925765513815
793,Oracle,3,193,25.165070597759524,130.82995170032217
794,Oracle,3,194,26.8284354837631,129.72472964438592
795,Oracle,3,195,25.567230096886814,129.40315008707776
796,Oracle,3,196,25.136700295028803,130.50164011706062
797,Oracle,3,197,26.74065802237358,129.73850944065032
798,Oracle,3,198,26.485560412549777,130.2720932492437
799,Oracle,3,199,24.82606927108336,131.7564396439432
800,Oracle,4,0,29.075799668835465,136.00468047521875
801,Oracle,4,1,29.33435926657885,136.8904377350801
802,Oracle,4,2,28.885136084227085,137.5131343714112
803,Oracle,4,3,28.089293452962064,138.90154146440983
804,Oracle,4,4,29.28478885121336,137.4392909173814
805,Oracle,4,5,28.69516128286654,136.98264861153018
806,Oracle,4,6,28.14394912251566,137.5327152357632
807,Oracle,4,7,28.99256248866732,137.44108887445807
808,Oracle,4,8,28.189508619376134,137.9964427357464
809,Oracle,4,9,28.08468529455021,136.351635449949
810,Oracle,4,10,28.316921041846744,137.42652366755607
811,Oracle,4,11,28.622817194981643,137.286941289501
812,Oracle,4,12,28.71289669912261,137.57794695449672
813,Oracle,4,13,30.057699965017992,137.4867032510338
814,Oracle,4,14,29.052476937924094,137.7671100271815
815,Oracle,4,15,29.368574121139087,138.0956622097817
816,Oracle,4,16,28.92403615006236,137.85573274346788
817,Oracle,4,17,28.786560450691592,138.1297678987974
818,Oracle,4,18,27.89749403727225,138.0738268906867
819,Oracle,4,19,28.43795171062311,136.54472675483674
820,Oracle,4,20,28.7934784872468,137.11823292025713
821,Oracle,4,21,27.86446880018404,137.4100048692714
822,Oracle,4,22,29.83318097996297,136.34786195505603
823,Oracle,4,23,27.73038027214132,137.83171530988537
824,Oracle,4,24,28.2267861092549,138.13721345313593
825,Oracle,4,25,29.78688397089169,137.5211263246523
826,Oracle,4,26,29.73388586450058,136.74557133598458
827,Oracle,4,27,29.153516182063896,137.5340476512962
828,Oracle,4,28,29.096687566929504,137.2817664397861
829,Oracle,4,29,28.578533804993302,137.65360577126552
830,Oracle,4,30,28.144056511549188,138.01137158281017
831,Oracle,4,31,28.390010377355715,137.70902368410097
832,Oracle,4,32,28.953116150559957,137.37715368322387
833,Oracle,4,33,29.675732042426706,137.47782619946042
834,Oracle,4,34,28.548574402896392,137.21402438842068
835,Oracle,4,35,28.9072013250721,137.253011272185
836,Oracle,4,36,28.612574856378075,137.73019530911392
837,Oracle,4,37,28.72392891898845,137.44319768523425
838,Oracle,4,38,28.92691664624584,137.15942362850686
839,Oracle,4,39,28.4736348383633,136.26338775154892
840,Oracle,4,40,28.049915628728417,137.24243249136214
841,Oracle,4,41,30.085415513951787,137.63677818769952
842,Oracle,4,42,28.72733096601529,136.88958325284352
843,Oracle,4,43,29.25965164451202,137.3928182319926
844,Oracle,4,44,28.474245627985507,137.3427833139711
845,Oracle,4,45,28.0167686526208,136.44602822145782
846,Oracle,4,46,29.175749887199597,136.99118511344682
847,Oracle,4,47,27.99844153701614,137.72139783286917
848,Oracle,4,48,28.675173737508704,138.0360676187279
849,Oracle,4,49,27.659126668448916,137.25220490391604
850,Oracle,4,50,28.54072669209236,137.50167280728806
851,Oracle,4,51,28.57281289350225,137.4823404263982
852,Oracle,4,52,28.075484729054995,137.1278917932071
853,Oracle,4,53,28.23409311223624,137.64630958928095
854,Oracle,4,54,28.41074243056201,137.84193470239208
855,Oracle,4,55,28.99489221438556,138.07781201064157
856,Oracle,4,56,27.726690053987923,138.29221859761446
857,Oracle,4,57,28.952355648926687,138.54944338576098
858,Oracle,4,58,27.918240521924325,138.2622016444557
859,Oracle,4,59,29.1992828437057,137.2155908588499
860,Oracle,4,60,28.874489691873645,138.6884065499829
861,Oracle,4,61,29.40084227092047,137.82862529712165
862,Oracle,4,62,30.113607418363053,136.88842246113208
863,Oracle,4,63,28.245685195991683,137.83725317250602
864,Oracle,4,64,27.66270821905901,138.05118836938036
865,Oracle,4,65,29.15814432874229,137.75438529784736
866,Oracle,4,66,29.748558826140616,137.3807868339584
867,Oracle,4,67,27.513691278556166,136.9512789752961
868,Oracle,4,68,27.576234388079488,137.02867223122055
869,Oracle,4,69,29.25155964223604,136.7449162020292
870,Oracle,4,70,29.083588232326,136.49816706355435
871,Oracle,4,71,28.79643917176963,136.84596619920848
872,Oracle,4,72,28.47105917298286,139.0702855466634
873,Oracle,4,73,27.891169886326608,137.94422390055365
874,Oracle,4,74,29.42347970625303,137.19279050145272
875,Oracle,4,75,27.885059367219533,137.11666225028242
876,Oracle,4,76,28.15902889605563,137.2457000944473
877,Oracle,4,77,29.724558632841017,137.44295663837048
878,Oracle,4,78,28.02397144499112,138.1992261958612
879,Oracle,4,79,29.38289963347056,136.6644959564839
880,Oracle,4,80,28.92196587873452,137.79497809157976
881,Oracle,4,81,28.149453970991125,138.18813021033756
882,Oracle,4,82,29.31748564210886,136.57632627971145
883,Oracle,4,83,28.229168812579797,136.66308093223486
884,Oracle,4,84,28.764396402384158,137.91882113762273
885,Oracle,4,85,29.140432540533816,137.81097552905973
886,Oracle,4,86,29.01946043097484,137.15398158994157
887,Oracle,4,87,28.228053722704438,138.18791299618127
888,Oracle,4,88,29.693244648132545,137.50536919082404
889,Oracle,4,89,27.881467811726196,138.20708387843368
890,Oracle,4,90,28.59139467814336,137.80577064922463
891,Oracle,4,91,27.89021312335049,136.91408756015295
892,Oracle,4,92,29.332508252108774,137.33355538839777
893,Oracle,4,93,29.215269279096496,138.3111542006311
894,Oracle,4,94,28.56149930786327,137.691644824934
895,Oracle,4,95,28.142098471512817,136.8684490836293
896,Oracle,4,96,27.92183263425065,137.73390322217375
897,Oracle,4,97,28.91647750103999,137.26372023891724
898,Oracle,4,98,28.529464176791592,136.92465045747142
899,Oracle,4,99,27.89950157493985,137.61157043832955
900,Oracle,4,100,28.803445368911888,136.90848774890708
901,Oracle,4,101,28.21323144363407,137.59481379337868
902,Oracle,4,102,28.83710249815034,137.34352509973644
903,Oracle,4,103,29.33027481344253,137.86535802996295
904,Oracle,4,104,28.38576881430109,136.77183501522595
905,Oracle,4,105,29.614651641596808,137.0167940701109
906,Oracle,4,106,28.472758945923857,137.74715020003842
907,Oracle,4,107,27.535547816142124,138.27160394251123
908,Oracle,4,108,30.328934653973764,137.029038649872
909,Oracle,4,109,28.64846986683048,138.0011437696239
910,Oracle,4,110,28.774103015006027,136.5570824535027
911,Oracle,4,111,28.27327410315339,137.5548604856813
912,Oracle,4,112,28.65815766647897,137.57286924642906
913,Oracle,4,113,29.44222019508181,136.77658854271877
914,Oracle,4,114,28.355008745033263,138.15206718442488
915,Oracle,4,115,28.48519717750561,138.13736450629875
916,Oracle,4,116,28.79983858344911,137.72152881862894
917,Oracle,4,117,27.370591046696862,138.04584923681566
918,Oracle,4,118,29.226315181965663,137.4043966737581
919,Oracle,4,119,27.909129175024077,138.9408623097593
920,Oracle,4,120,28.01160847226135,138.46785388199345
921,Oracle,4,121,28.087547984386468,136.9581609925052
922,Oracle,4,122,27.82266313305281,137.01763394429614
923,Oracle,4,123,29.03397947965704,137.495104272205
924,Oracle,4,124,28.643047101351428,137.570331610374
925,Oracle,4,125,29.63159737447433,137.18112124730845
926,Oracle,4,126,27.93755279057565,137.32346705067147
927,Oracle,4,127,28.66989176395716,136.89591372799123
928,Oracle,4,128,29.40757363702257,136.99390453465423
929,Oracle,4,129,28.207020317015576,138.76122727064657
930,Oracle,4,130,28.635455691117105,137.9459875096211
931,Oracle,4,131,28.57501518739179,137.60441687521595
932,Oracle,4,132,28.04238114950844,137.68609150423447
933,Oracle,4,133,28.31027182758526,137.3929840270522
934,Oracle,4,134,27.876495628216265,138.88391036217553
935,Oracle,4,135,28.50757237723545,137.23139840663626
936,Oracle,4,136,28.970865632864108,138.5009048568619
937,Oracle,4,137,29.0810958649502,138.820423933457
938,Oracle,4,138,28.286264501689114,137.626585606339
939,Oracle,4,139,29.14407950507642,137.46334497133677
940,Oracle,4,140,28.512368300512904,137.04274445556374
941,Oracle,4,141,29.35031568870224,138.20989895667236
942,Oracle,4,142,29.028603006856304,136.91537747526584
943,Oracle,4,143,28.25561924205723,138.1326446907095
944,Oracle,4,144,28.29305261255823,138.3083903012744
945,Oracle,4,145,28.28692297890603,138.25136163861305
946,Oracle,4,146,28.092145885955848,138.0903614101566
947,Oracle,4,147,29.35879932058515,137.94482897937593
948,Oracle,4,148,28.16561312052059,137.8693067165217
949,Oracle,4,149,28.307195775993836,137.40351523199445
950,Oracle,4,150,27.817219252181413,138.5830973300007
951,Oracle,4,151,28.154703258956992,138.36025461411708
952,Oracle,4,152,28.890245681683723,137.9099207422885
953,Oracle,4,153,28.53455807351449,138.32033779538344
954,Oracle,4,154,28.26977634862555,137.38670372621226
955,Oracle,4,155,29.229881193489064,136.8061106121839
956,Oracle,4,156,28.247738430438734,137.0451775471305
957,Oracle,4,157,28.91374500803966,137.93479644112475
958,Oracle,4,158,28.19985856924984,138.73828861161218
959,Oracle,4,159,28.3178234439474,136.62024687000724
960,Oracle,4,160,28.75073846068124,137.43213207289273
961,Oracle,4,161,28.27829514928357,138.99716838426926
962,Oracle,4,162,28.19415335954744,136.07746659949223
963,Oracle,4,163,28.07754410190781,136.91478490164118
964,Oracle,4,164,28.923805069861174,137.3398251906662
965,Oracle,4,165,27.618402536892987,137.03008189977788
966,Oracle,4,166,28.962871042676834,138.98772686248722
967,Oracle,4,167,29.613268275792475,136.57147431026206
968,Oracle,4,168,28.864232291462468,136.28352364561636
969,Oracle,4,169,29.271780916915528,137.0404147204523
970,Oracle,4,170,28.45867637991677,137.74002257167842
971,Oracle,4,171,27.69430481671182,138.47962712149686
972,Oracle,4,172,27.67103279852413,137.38706003697055
973,Oracle,4,173,29.548504802746237,136.93572124083678
974,Oracle,4,174,29.127494247138344,137.67801039345122
975,Oracle,4,175,27.61791892367319,138.16185405433515
976,Oracle,4,176,29.01253561956405,136.4997521713529
977,Oracle,4,177,27.52245530682252,137.45222120413948
978,Oracle,4,178,28.85589237990413,138.11441517868124
979,Oracle,4,179,28.516319731699028,137.40231189072762
980,Oracle,4,180,28.85673083222314,137.13035824853912
981,Oracle,4,181,28.588415486943653,136.29153397167357
982,Oracle,4,182,28.30576172600771,138.34648825550158
983,Oracle,4,183,28.85807325270038,137.15165820011916
984,Oracle,4,184,27.56060660932888,137.52621363360686
985,Oracle,4,185,29.13892459259159,137.4121262248158
986,Oracle,4,186,28.05029682199326,138.17682717400984
987,Oracle,4,187,28.8172340740096,136.94611583770316
988,Oracle,4,188,28.986049221307866,138.51279355888147
989,Oracle,4,189,28.849178136323225,137.7461336034674
990,Oracle,4,190,28.44873007971881,136.79845923775446
991,Oracle,4,191,28.853690640290324,138.0911218065149
992,Oracle,4,192,28.57116972470638,137.47651279870925
993,Oracle,4,193,28.36497325754833,137.33465191898824
994,Oracle,4,194,28.88962829639164,138.1596361697859
995,Oracle,4,195,29.196545591735283,137.33382804116937
996,Oracle,4,196,28.7714011613785,137.70413024269823
997,Oracle,4,197,27.104910268604545,137.37691788519172
998,Oracle,4,198,29.51060229698997,137.80398072112718
999,Oracle,4,199,26.91221956319748,138.83711885152144
