,period,sample_num,sample_average_complexity,sample_average_distinctiveness
0,Oracle,0,25.4025449829992,125.26683910933497
1,Oracle,1,26.32026338470357,129.21783636892616
2,Oracle,2,27.51419800954129,129.49043794665522
3,Oracle,3,24.927012255076924,127.7549306217671
4,Oracle,4,25.75380778438286,125.11647913079852
5,Oracle,5,26.086602503279163,130.60547014957388
6,Oracle,6,27.402193183345773,126.75753559024704
7,Oracle,7,28.36391250185945,131.73045794426605
8,Oracle,8,26.45968621714569,130.1109081057048
9,Oracle,9,25.349708495718755,126.04117504704016
10,Oracle,10,26.91300010765318,128.8302760588039
11,Oracle,11,25.179288727075683,125.89280143201331
12,Oracle,12,25.85966850765185,126.63033346245278
13,Oracle,13,26.78976341305909,129.12969350086988
14,Oracle,14,25.792166498381825,127.7044803934146
15,Oracle,15,26.87637003479337,130.0124946839921
16,Oracle,16,26.07332248677749,129.1044115620762
17,Oracle,17,26.62526949477748,124.03931016077428
18,Oracle,18,25.653373771817968,128.9711903599108
19,Oracle,19,26.504977666836343,132.09842437712572
20,Oracle,20,26.56804092276098,131.46807626307594
21,Oracle,21,27.097747847836917,128.24225590983002
22,Oracle,22,26.39042395642589,128.66631585446282
23,Oracle,23,25.669354379251264,128.1964754224513
24,Oracle,24,25.69452331491579,129.0540105814282
25,Oracle,25,26.573651834791267,129.63973573697092
26,Oracle,26,26.440677581848647,126.26184077380844
27,Oracle,27,25.773485072490008,125.7327318823528
28,Oracle,28,25.392541992960982,122.84769271736803
29,Oracle,29,25.82774036420619,131.65749793374644
30,Oracle,30,25.7936538963432,129.5836465251464
31,Oracle,31,25.77211857048136,127.8024234403871
32,Oracle,32,27.505439397535937,128.19570732240095
33,Oracle,33,25.958021615024634,124.65359537767542
34,Oracle,34,25.893690681388463,124.64191110177146
35,Oracle,35,24.31094224581909,127.84031744937398
36,Oracle,36,25.77364690047228,128.9125044035695
37,Oracle,37,24.625610363537813,123.51265918432615
38,Oracle,38,26.65168123936365,127.864697894437
39,Oracle,39,26.151469034410948,131.844549988033
40,Oracle,40,25.89595365422884,124.40883573269466
41,Oracle,41,26.17295967118168,124.92255185718643
42,Oracle,42,26.179451393831645,127.843795300752
43,Oracle,43,27.48505436226131,131.9445386753727
44,Oracle,44,26.048511742512503,132.4284477434624
45,Oracle,45,23.752039658425343,124.1503394436073
46,Oracle,46,26.798923346804813,128.01364873901946
47,Oracle,47,27.25618537754305,128.44754974638036
48,Oracle,48,25.78839985959345,125.83567961379966
49,Oracle,49,26.108859232337,127.4772472964876
50,Oracle,50,26.188628014509483,127.2686638975822
51,Oracle,51,26.86520153143772,128.38215649733988
52,Oracle,52,26.026648522134096,131.062299778781
53,Oracle,53,26.05409345577617,127.51934977949692
54,Oracle,54,25.66394584809331,128.43339446755306
55,Oracle,55,26.20756244376855,127.00498319000296
56,Oracle,56,26.633581194228647,125.8205672975853
57,Oracle,57,25.77329449925601,128.35935202466854
58,Oracle,58,25.86091390838133,127.9872934342891
59,Oracle,59,26.872517035678037,129.71035178769895
60,Oracle,60,25.857535452420407,128.2935526723519
61,Oracle,61,26.15876309637529,127.63961996426198
62,Oracle,62,26.478704620405,130.1913534563317
63,Oracle,63,26.827393777521607,129.0174592438598
64,Oracle,64,25.619869499403418,124.8728229863396
65,Oracle,65,27.20514674373435,128.6420597845549
66,Oracle,66,27.72350521882417,129.32472989332447
67,Oracle,67,27.76335873798637,128.6957214258651
68,Oracle,68,26.39225368773282,128.40318868211102
69,Oracle,69,25.125054462816887,124.92630518391364
70,Oracle,70,25.5385770631506,127.72852709821952
71,Oracle,71,26.75260071475101,128.09067349697906
72,Oracle,72,25.26823537978557,127.94740351590524
73,Oracle,73,25.99334911370849,128.29031385578895
74,Oracle,74,25.206285126575136,125.09487930099186
75,Oracle,75,26.673873868892347,125.497488695724
76,Oracle,76,26.90779443890551,128.79785186027215
77,Oracle,77,26.150407249788504,128.09303651722928
78,Oracle,78,24.968388090899108,127.1500470304911
79,Oracle,79,24.98047581550364,127.1058663667735
80,Oracle,80,26.189781986354493,127.69365376950886
81,Oracle,81,27.496544940133354,131.9851870762633
82,Oracle,82,26.25960143155609,129.44775913051987
83,Oracle,83,24.82925292996348,123.00947378843216
84,Oracle,84,25.77185320421319,127.7112064803668
85,Oracle,85,25.44198814009902,124.8981779287778
86,Oracle,86,27.056658152070003,131.80439124822934
87,Oracle,87,26.026540793496512,127.4971546603391
88,Oracle,88,25.82033235000113,130.07526219071255
89,Oracle,89,25.92840483097854,126.45804395155837
90,Oracle,90,25.782306361593182,128.50153354052918
91,Oracle,91,25.120942113590715,130.3892593143797
92,Oracle,92,26.81627942114063,128.43827411677287
93,Oracle,93,25.204260803367102,128.40752579154642
94,Oracle,94,25.86670964536725,131.68247900380572
95,Oracle,95,26.040297793827648,128.6570109019723
96,Oracle,96,26.784092153194383,131.6035522318668
97,Oracle,97,24.92400527402076,122.70820934108052
98,Oracle,98,27.80577507444481,130.2517871823749
99,Oracle,99,26.17278273213622,129.59471278877135
100,Oracle,100,24.980385952654213,126.27625467790868
101,Oracle,101,25.780093643703413,128.0130139989823
102,Oracle,102,25.46394340883209,127.15444295618208
103,Oracle,103,26.583177471291396,132.22638243204588
104,Oracle,104,27.429275439144803,129.50278181369976
105,Oracle,105,26.597565250658977,129.50133962304352
106,Oracle,106,26.02423351672917,127.81428686702266
107,Oracle,107,26.83658004388532,126.82413693873012
108,Oracle,108,26.39723202551813,129.402766307422
109,Oracle,109,27.055513273551,130.57371078844554
110,Oracle,110,25.206454995537605,127.04464367589254
111,Oracle,111,24.92337017751023,127.5050247057061
112,Oracle,112,26.01046742025469,128.34323179252576
113,Oracle,113,26.29572260138796,131.1512550368674
114,Oracle,114,25.591619652365484,128.04882696676356
115,Oracle,115,26.24845766879715,129.26347400746775
116,Oracle,116,24.93983218197908,128.26753381071805
117,Oracle,117,25.97126690067539,125.5958571340106
118,Oracle,118,26.23038035600324,127.09644568678632
119,Oracle,119,25.057402715615535,127.75049873158105
120,Oracle,120,25.3431480097399,125.52048972156152
121,Oracle,121,26.765989780355053,125.76709143928728
122,Oracle,122,25.457406830464496,126.60479680535296
123,Oracle,123,26.46438682250576,128.81365689123072
124,Oracle,124,26.18212458456109,127.71011542726583
125,Oracle,125,25.636214470654217,127.89453143004346
126,Oracle,126,26.0188223483882,128.7472029415269
127,Oracle,127,26.85056026795663,131.64921136033837
128,Oracle,128,26.63297108284561,130.23539396179237
129,Oracle,129,27.09454121110576,130.86712246445677
130,Oracle,130,26.322424707861504,130.16217629963873
131,Oracle,131,26.53627101845208,130.0638831165763
132,Oracle,132,26.678601729562928,128.1609742173439
133,Oracle,133,25.597316780298453,131.06841144155598
134,Oracle,134,25.77988931489284,127.47893665060636
135,Oracle,135,27.327889098900854,127.43895783864136
136,Oracle,136,26.64515957756018,131.46825728046332
137,Oracle,137,25.3870832020734,127.31223890093295
138,Oracle,138,27.37322275009426,126.92469366136125
139,Oracle,139,25.63713119737922,128.32300964201076
140,Oracle,140,27.0565643294464,128.51144580084653
141,Oracle,141,26.588416059605933,129.5078305682969
142,Oracle,142,25.231563388645483,126.8293895792096
143,Oracle,143,27.20414138707444,126.96065324525736
144,Oracle,144,26.479381062943133,128.23122063412637
145,Oracle,145,26.61124862035695,127.9158809290231
146,Oracle,146,25.61708803097481,127.22807238976527
147,Oracle,147,24.983300484275084,124.47788925887755
148,Oracle,148,27.41447830776661,130.6282042473308
149,Oracle,149,25.292543762223453,129.5813515416513
150,Oracle,150,24.193476013757213,124.80176599295775
151,Oracle,151,26.20747723020444,124.36893732872112
152,Oracle,152,27.015782057140285,129.1235785678648
153,Oracle,153,26.788065515883453,127.56772175608955
154,Oracle,154,27.31917544936853,131.56156560894678
155,Oracle,155,25.159231805501516,124.1810266179205
156,Oracle,156,25.40311765674185,128.961141872387
157,Oracle,157,24.813106416619075,126.52112774756964
158,Oracle,158,25.05334921632609,125.2420319600518
159,Oracle,159,25.7656040035681,130.9102222630513
160,Oracle,160,24.543803370211528,127.0970524352261
161,Oracle,161,25.812090602919668,125.715443447347
162,Oracle,162,25.761291759897794,128.28006438823692
163,Oracle,163,26.114909354806432,127.7869800336914
164,Oracle,164,26.48937635126542,128.87467324257827
165,Oracle,165,25.848837362657054,130.95799807959483
166,Oracle,166,26.087549902387124,127.39601262941996
167,Oracle,167,25.85004735267457,129.855350706579
168,Oracle,168,26.469965266061845,125.89196169537784
169,Oracle,169,26.661145540628105,130.7254127043968
170,Oracle,170,24.511730066891825,125.70874952061322
171,Oracle,171,25.87459823353767,127.04667435812884
172,Oracle,172,27.213411844258,132.233086805036
173,Oracle,173,25.50554421203143,126.21085012603928
174,Oracle,174,25.73944277851768,127.6301939191954
175,Oracle,175,25.404960726234,125.99199385858672
176,Oracle,176,26.752015333856537,126.77680485634218
177,Oracle,177,25.15689448441581,125.48018476100532
178,Oracle,178,24.95113445634206,126.079651030911
179,Oracle,179,26.59792029862493,130.89876111048616
180,Oracle,180,25.67721213687418,132.19736485581484
181,Oracle,181,25.48749677547751,127.81666453992122
182,Oracle,182,26.80612440238074,130.57375718414562
183,Oracle,183,27.52255231486152,130.08030847301987
184,Oracle,184,25.47904251762432,125.85284188469392
185,Oracle,185,25.45287109137033,125.79696933488866
186,Oracle,186,26.52602727982121,131.09440309830757
187,Oracle,187,26.629611640319,128.5041101294252
188,Oracle,188,26.040917294763712,129.14245364301766
189,Oracle,189,26.978192374310098,132.07808017648622
190,Oracle,190,26.269227673838028,129.02155978258978
191,Oracle,191,25.279089717691985,123.51083300699533
192,Oracle,192,24.684497900709285,123.91901677106728
193,Oracle,193,27.752402319666995,130.138186979443
194,Oracle,194,24.558517863882997,127.45894974137668
195,Oracle,195,26.528394021925138,127.38273838479712
196,Oracle,196,26.415627992841,130.10503694568436
197,Oracle,197,25.587346841418235,127.7534703483265
198,Oracle,198,26.679241471056176,130.29461067308796
199,Oracle,199,25.348448999367488,128.84472964071853
200,Oracle,200,27.14380322025912,128.02173192661468
201,Oracle,201,25.870983158812727,129.64270267459287
202,Oracle,202,27.3792567546691,127.13297218702589
203,Oracle,203,26.114547705790866,128.69808697656651
204,Oracle,204,26.298876474590976,128.58139150214595
205,Oracle,205,25.654718201662423,129.46212019620327
206,Oracle,206,26.89052282732658,134.7986096607604
207,Oracle,207,25.733822548339308,127.43707376705125
208,Oracle,208,27.05410727826003,127.39017580993357
209,Oracle,209,25.44905679710389,126.40941506232195
210,Oracle,210,26.911053559064197,127.8113583414147
211,Oracle,211,26.62820775110454,130.63762051621217
212,Oracle,212,25.20349406529793,123.9933795247252
213,Oracle,213,26.01296266276113,130.0287074637432
214,Oracle,214,24.75340285226588,127.35370608704628
215,Oracle,215,26.284453966090823,128.3317644323819
216,Oracle,216,26.31766611522709,125.84291027608008
217,Oracle,217,26.65055786864855,126.56828640643845
218,Oracle,218,26.165663540852005,127.31611330112317
219,Oracle,219,25.636120307081462,129.77713376753437
220,Oracle,220,27.176693559594696,131.56860879846775
221,Oracle,221,25.90575122378681,129.05808696570855
222,Oracle,222,26.64471942217577,128.6308586438948
223,Oracle,223,26.39306852907412,125.49596404060556
224,Oracle,224,27.44854224415293,133.0335414179711
225,Oracle,225,26.32682036076701,125.34061462548242
226,Oracle,226,26.97195004773315,128.58554481047975
227,Oracle,227,26.28253857458895,127.97387772074296
228,Oracle,228,28.788009560001,130.8492912905715
229,Oracle,229,26.2404099577108,128.37423562576055
230,Oracle,230,27.34180858517709,131.2904502238206
231,Oracle,231,26.580162499524832,129.9174108768539
232,Oracle,232,27.22206995261604,130.7402879986581
233,Oracle,233,27.526737213576855,126.7036230068122
234,Oracle,234,26.185363637512065,129.30831379168154
235,Oracle,235,26.041742498949095,128.10792047739088
236,Oracle,236,26.59848340726789,126.6769091557516
237,Oracle,237,25.373690759196805,125.68770333939663
238,Oracle,238,24.98507213049881,126.4706835163514
239,Oracle,239,24.25811656161828,125.22170862689023
240,Oracle,240,26.374217131590093,129.43005591772328
241,Oracle,241,26.030658223651404,134.14107186342346
242,Oracle,242,28.38206571139825,131.42087987989413
243,Oracle,243,26.27729162342025,125.9880808788789
244,Oracle,244,26.744952689447317,128.17674183813284
245,Oracle,245,26.50216189782216,126.44830391431748
246,Oracle,246,26.434541755180888,129.1710763092159
247,Oracle,247,27.01165978596868,127.92756280841138
248,Oracle,248,25.78857684370376,124.97821289016382
249,Oracle,249,26.28308495072252,128.37861559389742
250,Oracle,250,26.740694772848897,126.4563170134024
251,Oracle,251,26.627247483828096,130.14371247020892
252,Oracle,252,27.05399013115236,134.0834421784527
253,Oracle,253,25.186235851025003,129.2281892965715
254,Oracle,254,25.90888659299137,125.7426512342894
255,Oracle,255,25.857598703767803,135.82814280349874
256,Oracle,256,24.99661132847265,127.53845788235996
257,Oracle,257,26.289248235383543,129.03347880202034
258,Oracle,258,26.127114214722837,124.32442315869702
259,Oracle,259,27.848157381238877,127.75292156267032
260,Oracle,260,24.64558659527084,126.43266961529388
261,Oracle,261,27.2197212520089,130.71508777276873
262,Oracle,262,25.82830601127916,128.82403398896312
263,Oracle,263,26.9009866331006,127.78598320089196
264,Oracle,264,26.89455928123267,128.97835480747787
265,Oracle,265,26.135505461183648,130.1388999360255
266,Oracle,266,28.166380316004943,130.46863252060783
267,Oracle,267,24.68982557529788,122.70053785038368
268,Oracle,268,26.68113264378792,126.737085332029
269,Oracle,269,26.66945230451535,128.19682813930424
270,Oracle,270,25.016001459815325,130.09036514371962
271,Oracle,271,25.63319226350793,130.70817646209017
272,Oracle,272,25.6869318570675,129.15134860290152
273,Oracle,273,26.568180130338877,128.11734610103852
274,Oracle,274,25.99408771466916,127.22143590848609
275,Oracle,275,25.78261422469548,127.29708569836514
276,Oracle,276,27.22498424114464,126.25584951830672
277,Oracle,277,27.458282885777127,128.474729264165
278,Oracle,278,25.820563628474925,127.26051848597498
279,Oracle,279,26.58324848956765,131.1130493610009
280,Oracle,280,25.34512476574019,125.87738962855416
281,Oracle,281,25.250035324058786,124.81085138966316
282,Oracle,282,25.91211803942545,128.65047265627294
283,Oracle,283,26.57723758734541,132.69556062448362
284,Oracle,284,26.22082564930044,129.65524095102455
285,Oracle,285,24.84250959576259,125.58801824266348
286,Oracle,286,24.38525323042528,126.5681486753948
287,Oracle,287,26.49419217026052,129.2902729675366
288,Oracle,288,26.58039950989584,129.2095849444416
289,Oracle,289,27.919910383916804,130.76796817285714
290,Oracle,290,27.47402299324704,130.84532272992615
291,Oracle,291,24.93085051138224,129.84300123225742
292,Oracle,292,23.77689578623334,124.50851279335365
293,Oracle,293,25.723781835767227,124.8804008887828
294,Oracle,294,23.44477384972919,128.21072490996548
295,Oracle,295,26.09986656379059,123.847542841891
296,Oracle,296,27.6512252638266,131.4424836559731
297,Oracle,297,25.195786778855805,127.19324219548965
298,Oracle,298,28.12855337869205,131.50868933084843
299,Oracle,299,25.71288985081349,126.51882144110064
300,Oracle,300,28.09207828856937,130.62167494659036
301,Oracle,301,24.942089094197755,126.14563559745092
302,Oracle,302,26.671101821189687,125.46465279086834
303,Oracle,303,25.325311884435852,126.3308384452957
304,Oracle,304,26.27266218358786,129.48232471563833
305,Oracle,305,25.98645469538019,128.98997696066684
306,Oracle,306,26.60575570455046,129.81330124016037
307,Oracle,307,27.333066258546225,127.47788234285652
308,Oracle,308,27.696602483488103,128.82925942499543
309,Oracle,309,26.195656989754347,127.8028378340063
310,Oracle,310,25.626708666694,130.19365120381363
311,Oracle,311,26.51395623391904,128.52843771807858
312,Oracle,312,26.41190374290904,130.4881014878457
313,Oracle,313,26.130022216879283,127.4198902314476
314,Oracle,314,26.53618444455709,129.5556679620076
315,Oracle,315,25.07610005927515,128.19734822617494
316,Oracle,316,26.226775214615685,127.29230711786192
317,Oracle,317,25.740318843559667,129.2309572771028
318,Oracle,318,24.471336039396583,128.00105133754403
319,Oracle,319,25.781036591277207,126.05970554700728
320,Oracle,320,26.793441640505502,128.4237046664357
321,Oracle,321,26.642109807194466,125.70404025756535
322,Oracle,322,24.88019278716427,125.90020328750416
323,Oracle,323,25.13593563109478,129.27334768184852
324,Oracle,324,25.721821096235573,127.4367400983926
325,Oracle,325,26.33538264898588,124.2270440616779
326,Oracle,326,27.01039404695887,127.43187968801378
327,Oracle,327,27.576906748308183,128.39269897603714
328,Oracle,328,26.007196399972106,128.4280931265395
329,Oracle,329,27.612924392797904,130.3068054730843
330,Oracle,330,25.340313809559483,128.90116904788874
331,Oracle,331,25.67575270246737,127.6984034895648
332,Oracle,332,25.41930281323164,126.49048252389952
333,Oracle,333,26.041841914588723,126.31866364952847
334,Oracle,334,24.917403488956296,126.7909727769577
335,Oracle,335,26.864219534094005,129.6384096945467
336,Oracle,336,26.766077382939976,129.7203076079597
337,Oracle,337,24.947861980043093,126.2400952554864
338,Oracle,338,25.15967941930532,126.49029124158292
339,Oracle,339,26.70014957825822,131.0445925817862
340,Oracle,340,26.28503180859033,129.45489927979284
341,Oracle,341,25.777666382413983,125.91848909696604
342,Oracle,342,26.059327887988744,127.2591198249401
343,Oracle,343,25.73626709873845,124.5863737754981
344,Oracle,344,27.16373958594913,134.0535735122446
345,Oracle,345,26.961042048812864,131.4131047528495
346,Oracle,346,25.58250799404918,125.81746381926769
347,Oracle,347,25.77022567984209,127.72100488250338
348,Oracle,348,23.90580299207023,126.1997428219262
349,Oracle,349,25.955474111729234,128.27704020068347
350,Oracle,350,26.68377263130372,130.05988146632916
351,Oracle,351,24.843739332038044,125.040086372221
352,Oracle,352,27.46927398266554,133.09414954875294
353,Oracle,353,26.848841469720245,127.56462885359548
354,Oracle,354,26.65396239519641,131.84381905883885
355,Oracle,355,26.50429434798955,128.66302945226636
356,Oracle,356,25.428556019527687,127.02688725396165
357,Oracle,357,26.45696497089109,127.36370542524314
358,Oracle,358,27.631154845893303,132.27442217253878
359,Oracle,359,24.866348847952526,123.78865041911382
360,Oracle,360,26.328189687212166,125.7085529874482
361,Oracle,361,27.202404795527578,130.42556263295646
362,Oracle,362,24.940665033948907,125.7466017137946
363,Oracle,363,27.052698833313613,130.02779545934268
364,Oracle,364,26.459951648830387,127.31693424772712
365,Oracle,365,25.29213568189735,126.19835881793604
366,Oracle,366,25.084720845234685,125.37521780971385
367,Oracle,367,26.663792870692557,131.3705908497625
368,Oracle,368,25.9485732067232,123.88270050055202
369,Oracle,369,25.761948792881327,131.81139958177235
370,Oracle,370,28.06585192162432,130.6133268945422
371,Oracle,371,25.02873263703488,124.97649157267696
372,Oracle,372,26.21539029647481,126.11805644050828
373,Oracle,373,26.338287735766908,129.74739026459923
374,Oracle,374,26.744045474377906,132.96952707801063
375,Oracle,375,27.22869985494921,130.69048736313266
376,Oracle,376,27.488491407554804,127.4317817581324
377,Oracle,377,26.375707435812505,127.28460607191576
378,Oracle,378,24.66842590162522,127.2253735674486
379,Oracle,379,26.884360256966183,129.17310800676515
380,Oracle,380,25.066685660726638,128.39309413368207
381,Oracle,381,26.80396295481075,128.89729228653724
382,Oracle,382,24.93756541859386,125.44196128806978
383,Oracle,383,27.302668947871013,132.18331016121235
384,Oracle,384,26.767043688738987,129.6920327932563
385,Oracle,385,27.281385142607306,126.11229302297286
386,Oracle,386,25.446137744492543,126.57834792210478
387,Oracle,387,24.18286260123682,124.43965615650184
388,Oracle,388,26.43291920276025,127.67598828632316
389,Oracle,389,26.003543090177065,127.75589170152772
390,Oracle,390,25.94556063749808,129.55045847276563
391,Oracle,391,26.35093162336222,132.17439986567737
392,Oracle,392,26.355258886376483,125.3863984733505
393,Oracle,393,25.42527102864041,125.74450372455068
394,Oracle,394,25.57842353551915,129.63338583648851
395,Oracle,395,27.41349549697525,129.5373917660969
396,Oracle,396,26.190546541023917,126.03235731982971
397,Oracle,397,25.520609457926604,125.16063507898244
398,Oracle,398,26.03605046025085,128.15964316116555
399,Oracle,399,26.825424048399245,127.74242289061031
400,Oracle,400,26.957503950795463,131.42892479565168
401,Oracle,401,25.419423929301825,126.17730328156736
402,Oracle,402,25.527164152261,126.34353571890746
403,Oracle,403,26.659038787708525,131.83961630440515
404,Oracle,404,25.68803223969019,126.44118044844902
405,Oracle,405,27.087210221785064,129.32805647667493
406,Oracle,406,27.36493442885001,128.1241890602096
407,Oracle,407,25.49843119739884,129.40735784429228
408,Oracle,408,27.193254906585317,133.27466993876308
409,Oracle,409,26.525589406546903,132.99824584822667
410,Oracle,410,25.70048800003237,129.62412900068975
411,Oracle,411,25.04335814954706,127.26945577321224
412,Oracle,412,27.89452194904938,132.32919660780007
413,Oracle,413,25.652574179760467,124.25487016456384
414,Oracle,414,26.76888911007645,128.92976062313753
415,Oracle,415,24.964610027008103,124.50001513540757
416,Oracle,416,26.19945699639592,126.2556730020974
417,Oracle,417,27.168055479350052,131.14716762585468
418,Oracle,418,26.03577802182796,126.9075373564427
419,Oracle,419,26.68190376202712,133.1928081295289
420,Oracle,420,26.401180940172,129.76073328844888
421,Oracle,421,26.54454533578863,127.26509259436487
422,Oracle,422,27.30860435961707,129.70120471984472
423,Oracle,423,25.694280852758016,125.29052539346296
424,Oracle,424,26.234788137587277,125.5139024529472
425,Oracle,425,25.70038866450305,128.84073315311716
426,Oracle,426,27.575318026682048,130.7068674731089
427,Oracle,427,25.5206358517927,131.03997734043182
428,Oracle,428,26.335079795796315,129.0330867531451
429,Oracle,429,26.44544191596723,129.92162772133256
430,Oracle,430,26.49713314281018,125.20803696328603
431,Oracle,431,26.05001766980397,128.36929516807513
432,Oracle,432,26.9573648212158,125.98031534743828
433,Oracle,433,25.470128371226505,126.07988154744626
434,Oracle,434,26.39579905476264,128.06960114403998
435,Oracle,435,27.190308904691616,129.0771747598952
436,Oracle,436,26.35827338450195,125.82451660276382
437,Oracle,437,25.24070849820736,127.55439040307868
438,Oracle,438,26.674181808953268,130.5130303822074
439,Oracle,439,25.6440442417964,124.34878470819248
440,Oracle,440,27.462498484775637,129.9897599493798
441,Oracle,441,26.54678985536032,131.93473720940648
442,Oracle,442,26.15095055291215,132.3666937850369
443,Oracle,443,26.64801640837031,128.1853377715687
444,Oracle,444,26.50247201819598,129.66523774405786
445,Oracle,445,25.542350444461352,127.42865430514264
446,Oracle,446,24.551594737811776,122.72249147474209
447,Oracle,447,25.21128168541976,129.70354471545252
448,Oracle,448,26.45659390517637,127.2299788016314
449,Oracle,449,27.701194787359928,132.8548149857056
450,Oracle,450,26.673931912706607,129.1868174373687
451,Oracle,451,24.87697404579087,127.1768537370326
452,Oracle,452,27.49434129536023,129.89699694521423
453,Oracle,453,25.861574157491287,126.7646186633563
454,Oracle,454,27.130760780434898,129.46916690086107
455,Oracle,455,28.481312048818445,131.99313868075893
456,Oracle,456,25.87726922873748,128.40887961546457
457,Oracle,457,26.851601525782417,127.5417866080386
458,Oracle,458,27.58345172614032,133.15948655910174
459,Oracle,459,26.8394091952804,127.75383439951618
460,Oracle,460,25.74034715203075,129.7523128887273
461,Oracle,461,26.236595610646543,128.82316412798536
462,Oracle,462,26.82713649918583,132.03759085900109
463,Oracle,463,25.173902902165924,128.21867627582503
464,Oracle,464,26.25134390596276,131.20516621356614
465,Oracle,465,26.78071036027399,126.9498580268976
466,Oracle,466,24.493192398714974,125.52781992790337
467,Oracle,467,27.37929782486955,130.11246819084778
468,Oracle,468,25.78688993423785,125.88830466011696
469,Oracle,469,26.98805839495369,128.20627719277732
470,Oracle,470,26.744037173020743,131.8582872252249
471,Oracle,471,26.80572108364592,128.64351752574396
472,Oracle,472,26.37655993594901,124.18022467209332
473,Oracle,473,26.497524086486987,128.75819604885612
474,Oracle,474,27.128973460345577,128.8851498370788
475,Oracle,475,26.51694696833493,129.1900531011291
476,Oracle,476,27.51776664679718,131.35279928228812
477,Oracle,477,26.65195913441963,130.01965332173737
478,Oracle,478,26.73830082883064,128.8228365977059
479,Oracle,479,24.53329880363372,126.78232801296043
480,Oracle,480,24.972724941600905,129.51961393071926
481,Oracle,481,25.777652627952293,128.02753422825265
482,Oracle,482,26.26364877332124,125.20759624796015
483,Oracle,483,26.726985632741684,130.4691568105309
484,Oracle,484,27.011317322474397,131.201244350591
485,Oracle,485,26.325194904738183,129.43754608715892
486,Oracle,486,26.49578508396862,131.24088354858904
487,Oracle,487,26.289561672820582,127.9092836710778
488,Oracle,488,25.92482630681707,129.2878985416607
489,Oracle,489,27.045655014302483,133.4323823335209
490,Oracle,490,26.5140295221635,127.96116892533452
491,Oracle,491,26.64792094026944,129.16742716320883
492,Oracle,492,26.52869784833913,129.5688459208062
493,Oracle,493,26.072289779735165,129.5060198086386
494,Oracle,494,27.25403513259698,130.97791682657507
495,Oracle,495,25.236841337876317,128.27262338942074
496,Oracle,496,26.470922853594185,128.22586933230215
497,Oracle,497,25.649796866519004,131.34620969771197
498,Oracle,498,25.96425390628751,127.75748287439032
499,Oracle,499,27.091794053310405,130.18483327666385
500,Oracle,500,24.60668548943678,126.71589063536528
501,Oracle,501,25.05239086114818,126.0703280215279
502,Oracle,502,24.386235518608963,126.44033166018278
503,Oracle,503,26.629025497751044,128.92504628941185
504,Oracle,504,25.741612086687077,124.98621950308988
505,Oracle,505,27.199692665437983,129.7358262187945
506,Oracle,506,26.178501485819115,127.06204926121596
507,Oracle,507,26.148970083771477,126.77390916937522
508,Oracle,508,26.83383795656423,128.80644808307343
509,Oracle,509,25.910484405914207,125.4862381890129
510,Oracle,510,26.754528615963277,127.95873767285812
511,Oracle,511,24.293537171747367,128.20247037694548
512,Oracle,512,27.660873543453214,128.66017958547434
513,Oracle,513,25.94092676370419,125.68645483203991
514,Oracle,514,26.539259228051822,128.2818091363623
515,Oracle,515,26.35037136711888,125.79080149662724
516,Oracle,516,27.092795627543225,135.25752570417862
517,Oracle,517,27.89015056923428,130.69194459988202
518,Oracle,518,26.42771517585952,127.14203422647708
519,Oracle,519,27.09941170232056,131.00852183094747
520,Oracle,520,26.60481584298041,129.4690345875697
521,Oracle,521,25.12989550335466,126.38531427749072
522,Oracle,522,26.314492575155175,124.50348089272458
523,Oracle,523,26.755256109651697,128.177173477692
524,Oracle,524,25.96924972310035,130.1364681043714
525,Oracle,525,26.3057568931298,130.10514130055083
526,Oracle,526,26.39323497812279,129.07156629009563
527,Oracle,527,25.66083421210465,134.27498562485837
528,Oracle,528,25.84823535981021,128.30638000628778
529,Oracle,529,27.596371493241588,130.33782276483035
530,Oracle,530,27.176359649329992,128.74617374274888
531,Oracle,531,25.28419407179645,130.17757104675707
532,Oracle,532,26.704914922662425,127.97681723170123
533,Oracle,533,25.801298821018595,129.50183055071412
534,Oracle,534,26.93196715488764,129.7364667375938
535,Oracle,535,26.408937704867217,128.9685557842591
536,Oracle,536,26.11581570072326,125.81985386677154
537,Oracle,537,26.414652923802468,126.72394830606736
538,Oracle,538,27.961967983661467,131.1860479093901
539,Oracle,539,24.92165787073373,127.9176966807294
540,Oracle,540,25.76373089387482,129.28960211278363
541,Oracle,541,26.711625199690232,131.51883287523015
542,Oracle,542,27.437648850830627,128.94349406678003
543,Oracle,543,26.463849151068903,127.57125450320032
544,Oracle,544,26.25670979450235,128.4850289755153
545,Oracle,545,27.11021548476304,127.5066111530134
546,Oracle,546,26.37260892545769,129.7878129249407
547,Oracle,547,25.51680554619309,131.81639548186763
548,Oracle,548,27.19265461481077,131.02025836613825
549,Oracle,549,27.921536161661265,130.1604131910058
550,Oracle,550,26.32772225994889,129.6963105671055
551,Oracle,551,26.39129231928014,130.5907848757397
552,Oracle,552,25.316081386013767,126.44826134889324
553,Oracle,553,25.195850373724443,126.43212567789382
554,Oracle,554,27.43088800543377,130.41142411695543
555,Oracle,555,25.44201509137297,131.3460613804745
556,Oracle,556,26.05188527327898,131.28712831844086
557,Oracle,557,26.476888967236963,122.2632671816634
558,Oracle,558,25.356684717440377,126.91264164506804
559,Oracle,559,25.114580344767923,127.11600034994528
560,Oracle,560,26.455042422691868,128.94738709745252
561,Oracle,561,25.82400516627736,126.2676472674983
562,Oracle,562,25.949334145228693,129.053167863778
563,Oracle,563,25.6042686727091,125.0047498032794
564,Oracle,564,26.728380743648245,125.52577080351216
565,Oracle,565,26.039458993370644,127.61022477172756
566,Oracle,566,26.44562935199224,124.87274076933764
567,Oracle,567,26.46786666021508,127.79167285638252
568,Oracle,568,26.96344090799476,126.53098690512044
569,Oracle,569,26.02275183005561,128.42645928316978
570,Oracle,570,25.80009892047495,126.1387679750072
571,Oracle,571,26.001133036930018,129.34351846961502
572,Oracle,572,24.888096440698245,129.13775419114802
573,Oracle,573,26.63709483001825,125.8640369928502
574,Oracle,574,24.78968729418269,130.37986210408656
575,Oracle,575,26.52251038746622,130.08931425624758
576,Oracle,576,26.91981017128068,127.22931368392356
577,Oracle,577,26.8098624076399,127.8203433272451
578,Oracle,578,25.88127897492489,125.7435221078088
579,Oracle,579,26.858289121393977,127.9440635041193
580,Oracle,580,26.403058194956397,126.27090553522788
581,Oracle,581,26.665938527959938,128.7832445587789
582,Oracle,582,26.412595285207328,130.52101205272288
583,Oracle,583,26.663382775772533,128.19841955948468
584,Oracle,584,26.54822786278914,127.3246160204322
585,Oracle,585,26.07163130883945,130.6902193464847
586,Oracle,586,26.137866920215718,127.7400208306178
587,Oracle,587,25.636596267124183,124.21222100631856
588,Oracle,588,27.168706416760912,131.9851965086549
589,Oracle,589,25.93115708279624,128.53680908094785
590,Oracle,590,25.73753290033731,128.68905423075873
591,Oracle,591,26.539130597167077,128.28903774539552
592,Oracle,592,25.411977455032112,126.0018417227904
593,Oracle,593,26.807381533015317,129.82420979359517
594,Oracle,594,26.413614172580274,125.40140321132694
595,Oracle,595,27.16603916425369,133.43732205374593
596,Oracle,596,26.569197189294812,130.2518426703788
597,Oracle,597,26.54626346440988,129.53886930412085
598,Oracle,598,25.75876100211237,129.1909324769895
599,Oracle,599,28.00791206309525,129.53120400881505
600,Oracle,600,26.82227338263856,128.60759012765956
601,Oracle,601,25.31018467428164,124.15085304227836
602,Oracle,602,26.185582641999314,128.16391906411943
603,Oracle,603,27.660981559971333,133.9545325486051
604,Oracle,604,25.76495396708065,124.97374953512184
605,Oracle,605,26.553758830204043,131.00509411335435
606,Oracle,606,25.67573067887453,127.08330836140868
607,Oracle,607,27.197329514668343,130.72178957355615
608,Oracle,608,26.487066502932603,128.46207206921258
609,Oracle,609,26.34151227699057,129.2293963947458
610,Oracle,610,25.839174433630056,129.18186879642653
611,Oracle,611,25.631471112014715,126.772272277493
612,Oracle,612,27.466147686422424,127.66297062433829
613,Oracle,613,25.15936658211425,127.42202473986748
614,Oracle,614,23.976207826692427,125.49482652691376
615,Oracle,615,26.672240248257697,127.37458736175708
616,Oracle,616,26.25025702436277,129.6498228566283
617,Oracle,617,26.3984145293362,129.4009673014396
618,Oracle,618,27.20210228135284,130.01140653582104
619,Oracle,619,26.29262782003884,128.28233838139923
620,Oracle,620,25.009481251936982,124.53088859620784
621,Oracle,621,27.122393569662467,126.74602506393806
622,Oracle,622,27.00444938352953,125.022832498631
623,Oracle,623,25.010712649766543,126.20539166839724
624,Oracle,624,26.901137831094854,127.68508868800303
625,Oracle,625,26.294411350803717,130.2464636420021
626,Oracle,626,26.902486958051007,126.15348610704255
627,Oracle,627,26.002367014447582,126.85338232892336
628,Oracle,628,26.21905137592716,126.8369600810351
629,Oracle,629,25.27561207843065,127.98385108137263
630,Oracle,630,26.98078857515608,133.65886247574582
631,Oracle,631,26.85977540918473,127.6037329843355
632,Oracle,632,25.68448823927747,128.44166258797867
633,Oracle,633,27.23443222132533,126.48797091289715
634,Oracle,634,26.03709706556544,125.9594205124467
635,Oracle,635,25.909662693096003,129.35333483751506
636,Oracle,636,25.54226256701676,128.60323309327555
637,Oracle,637,26.31164749567931,126.3542570546378
638,Oracle,638,26.49075572767754,130.72893985403084
639,Oracle,639,25.02526342242083,126.00781760440908
640,Oracle,640,26.0586710835514,128.11481031122315
641,Oracle,641,26.296343635648302,132.21385019265395
642,Oracle,642,26.220850844338614,131.44750678266365
643,Oracle,643,25.48199891168971,127.68899744703828
644,Oracle,644,27.02047591728374,128.40426907273755
645,Oracle,645,26.608183217336126,129.91439744647533
646,Oracle,646,25.902358545921025,130.92872732566966
647,Oracle,647,25.600773909257025,127.34378699353938
648,Oracle,648,25.342700413124863,124.62669944804875
649,Oracle,649,27.314065573217785,127.94814604602188
650,Oracle,650,26.230461798360857,129.2003133738483
651,Oracle,651,25.258300820283125,127.91109751152749
652,Oracle,652,27.029937079452505,129.08415611692757
653,Oracle,653,25.95227763479996,126.37532376021984
654,Oracle,654,27.737321246014066,132.05055748426753
655,Oracle,655,25.926712985171434,126.69084830966888
656,Oracle,656,24.187318877096185,124.8137603656654
657,Oracle,657,26.04539157335969,131.71209277514154
658,Oracle,658,26.92811113891275,132.3081945534798
659,Oracle,659,26.065001835614243,128.28623163016138
660,Oracle,660,26.035676505380923,128.61811330127657
661,Oracle,661,26.886782903243528,131.5721868229238
662,Oracle,662,27.052800952220903,126.84455396438284
663,Oracle,663,25.84112980156204,126.71126442650817
664,Oracle,664,26.251187630455355,127.77287182605605
665,Oracle,665,25.920324103392968,129.91011201182985
666,Oracle,666,25.69928942449711,125.2581895305402
667,Oracle,667,26.962379615756937,130.2900308561241
668,Oracle,668,26.675491803556973,129.18973293389902
669,Oracle,669,26.04025325777086,126.19250619881436
670,Oracle,670,26.953319883105976,124.42581907137983
671,Oracle,671,27.060538776383737,128.91923064649353
672,Oracle,672,25.236059392983247,128.99689911289528
673,Oracle,673,27.368146932295293,127.8829754025767
674,Oracle,674,24.674227476805285,129.2838367023178
675,Oracle,675,24.931089599131347,127.29780132733568
676,Oracle,676,26.45276024697588,131.7236252528835
677,Oracle,677,26.219667331604168,125.39013266888722
678,Oracle,678,24.650220134208794,127.30998419732032
679,Oracle,679,27.216537875902624,127.8604375506966
680,Oracle,680,26.744894631672743,129.80028980803326
681,Oracle,681,25.85550220846043,125.61605841763568
682,Oracle,682,25.859926301105844,130.64590280889328
683,Oracle,683,25.84653152089483,126.2213173517074
684,Oracle,684,27.59172119525488,132.0173278391914
685,Oracle,685,27.321851381206944,130.981804267116
686,Oracle,686,25.866305418424915,128.20638337451555
687,Oracle,687,26.26980518331884,127.54067054203048
688,Oracle,688,25.616347375437485,130.6889755478203
689,Oracle,689,25.655888998718588,125.66680302938882
690,Oracle,690,26.736449631589952,130.34254657227723
691,Oracle,691,26.701569927572613,129.72558946701918
692,Oracle,692,25.2568553280098,129.62752065612815
693,Oracle,693,25.93683887480415,125.06247541449832
694,Oracle,694,25.43632310911714,126.1558306804382
695,Oracle,695,26.63950750728976,130.74748284501862
696,Oracle,696,27.34352530035821,128.4891789004138
697,Oracle,697,25.693742840425653,127.11887811589024
698,Oracle,698,25.8623305036012,129.53244462950792
699,Oracle,699,26.67776967243602,125.5510235833156
700,Oracle,700,24.93484791534312,123.2137293657831
701,Oracle,701,26.61350460410967,130.34833319135376
702,Oracle,702,27.002109439487107,131.71562811471705
703,Oracle,703,27.05835220182217,130.74826403487558
704,Oracle,704,26.11764502875953,128.1277210602028
705,Oracle,705,27.16280673023789,129.48712737185457
706,Oracle,706,26.219748304031786,131.10745114545415
707,Oracle,707,25.71533831089722,127.358755498753
708,Oracle,708,26.66495013926112,127.80067715358298
709,Oracle,709,26.116269143576925,129.2349506345878
710,Oracle,710,25.53046620063997,127.83970924847738
711,Oracle,711,26.758512825302727,127.3694554237275
712,Oracle,712,25.54072156851308,127.04016927382806
713,Oracle,713,26.123785367239503,129.7114242525501
714,Oracle,714,26.05736522839837,126.75781771970776
715,Oracle,715,25.9602738143068,127.65309113474522
716,Oracle,716,28.604012427201653,131.8391863337386
717,Oracle,717,25.63557921117834,130.20411621356797
718,Oracle,718,26.046188891384144,131.6674143393098
719,Oracle,719,26.019120440151667,129.49919438727
720,Oracle,720,26.78202842867885,131.99032831614534
721,Oracle,721,26.99524444731476,129.01634340027755
722,Oracle,722,26.0090386260528,126.54323359871832
723,Oracle,723,25.232962824093438,127.16149685246248
724,Oracle,724,25.33970156777744,127.83349165357664
725,Oracle,725,27.60381689211754,130.4668848694654
726,Oracle,726,25.636855691600744,125.74890675555156
727,Oracle,727,26.38603434942596,129.16369224747152
728,Oracle,728,26.93289790006806,130.08397506636828
729,Oracle,729,26.056420871900773,126.08195252823926
730,Oracle,730,27.22720494159885,133.34979967000166
731,Oracle,731,25.382018578242747,125.38702114520628
732,Oracle,732,25.00828933346116,124.87480325984306
733,Oracle,733,27.762844802351196,131.44506781257653
734,Oracle,734,27.46417195520803,130.72007835697065
735,Oracle,735,25.57999656390596,128.03388077708786
736,Oracle,736,26.26288347329621,128.05503023168328
737,Oracle,737,27.280963943390844,128.99619681761487
738,Oracle,738,25.498904541564,128.74757193686332
739,Oracle,739,24.50961131134649,127.10135638655304
740,Oracle,740,27.20918860744328,129.25564574041798
741,Oracle,741,27.91613591475677,129.81655059566236
742,Oracle,742,25.98382272605384,128.63468969167968
743,Oracle,743,27.030209362397308,130.20340332225635
744,Oracle,744,26.05551119985236,127.64179497218768
745,Oracle,745,26.224493849515262,126.80778201573324
746,Oracle,746,25.593728635065187,126.98516950343812
747,Oracle,747,24.44204555755741,126.56345152547556
748,Oracle,748,27.00556381748483,125.0424634451533
749,Oracle,749,25.222269675592887,129.01849671308398
750,Oracle,750,26.268557604746743,126.5325392676974
751,Oracle,751,25.6756099081448,123.79348102215296
752,Oracle,752,26.17034540521513,127.2421515427842
753,Oracle,753,25.919365627901897,131.36827188212513
754,Oracle,754,24.92407130406273,127.5559526300162
755,Oracle,755,26.464396778201667,124.60053533141075
756,Oracle,756,26.375972451581177,131.0135132362344
757,Oracle,757,25.366688603051365,126.877923986331
758,Oracle,758,26.06850468395115,130.5480895025464
759,Oracle,759,26.881025108270848,131.80253812738255
760,Oracle,760,25.699913098834,128.15337167416615
761,Oracle,761,24.733017633553477,126.18518888452184
762,Oracle,762,27.82615259476476,129.4290251054432
763,Oracle,763,25.966174552981037,127.87167896338514
764,Oracle,764,25.832826238329115,128.67370257695686
765,Oracle,765,25.753847354810677,126.29546015174613
766,Oracle,766,25.35067133008092,130.23207209567744
767,Oracle,767,27.562703566734413,129.36999785368798
768,Oracle,768,26.18283661102364,129.78146838100983
769,Oracle,769,25.16372579336228,130.03933319647706
770,Oracle,770,25.99427868408935,128.90281558952324
771,Oracle,771,26.45989978365428,127.2944422785987
772,Oracle,772,26.453588170103764,124.26082088839316
773,Oracle,773,25.79208600615345,130.32818169369847
774,Oracle,774,25.543910332915683,129.13462688903374
775,Oracle,775,26.347404517795084,128.64844976690682
776,Oracle,776,25.639949761098315,126.41409269398667
777,Oracle,777,25.413821326399493,127.51421761109286
778,Oracle,778,25.01587734760428,124.76708915030386
779,Oracle,779,25.46976256752662,126.99431394875197
780,Oracle,780,26.665512353701807,127.66555215023696
781,Oracle,781,25.87521944884202,128.6398446946764
782,Oracle,782,26.549130615543515,131.53135394135558
783,Oracle,783,25.94792303231051,131.07940677945857
784,Oracle,784,26.42815655032028,127.01412975530498
785,Oracle,785,26.652944420360008,128.22574952081513
786,Oracle,786,26.258471667556964,127.85678321181535
787,Oracle,787,25.610142129915,123.7620115213817
788,Oracle,788,26.495364980449427,130.88158849412787
789,Oracle,789,26.832266270259748,133.3700159278436
790,Oracle,790,26.86178378246116,130.597723486901
791,Oracle,791,24.560861401878714,128.12640390974047
792,Oracle,792,26.68388059654621,128.34336973493131
793,Oracle,793,24.99845454301788,124.3965021448127
794,Oracle,794,26.135720546734543,128.69035126430788
795,Oracle,795,24.142536114447,126.15623830733142
796,Oracle,796,25.171636191011004,128.3643577318696
797,Oracle,797,25.929570530297475,129.55903788517196
798,Oracle,798,27.686376896656768,133.01695271850895
799,Oracle,799,25.28477225533746,127.891666545816
800,Oracle,800,26.6558118431778,127.37079780580292
801,Oracle,801,26.663524146497544,129.63453292727138
802,Oracle,802,25.44736602716507,128.28035285599924
803,Oracle,803,25.90037928437992,127.27305430504512
804,Oracle,804,28.623425341672963,129.56769144465517
805,Oracle,805,25.744248509365868,130.2108285666874
806,Oracle,806,26.48978041063021,126.93330908872709
807,Oracle,807,25.47798567091284,128.79671036481676
808,Oracle,808,24.99577236078924,131.9988107399955
809,Oracle,809,26.05368327905957,127.77905213205958
810,Oracle,810,27.327873157215663,130.36512869480973
811,Oracle,811,25.7782959026494,130.90291264821883
812,Oracle,812,24.434662007661032,128.86511886315964
813,Oracle,813,27.194529215066154,131.19525725538386
814,Oracle,814,26.58172513892,129.8527501171297
815,Oracle,815,26.31267840514358,125.01790698792831
816,Oracle,816,26.731918996473937,129.2853017929246
817,Oracle,817,26.8578699146792,127.3646842309956
818,Oracle,818,26.112724252650505,126.98281256684623
819,Oracle,819,26.289296757348957,127.49613915125752
820,Oracle,820,26.074220520001905,128.32489442159115
821,Oracle,821,25.864233292640343,127.34222854941471
822,Oracle,822,26.017630923436347,128.66381869380268
823,Oracle,823,26.41019668677569,128.57191482322816
824,Oracle,824,26.01889548652496,128.9341074474578
825,Oracle,825,25.543590757631787,127.1986753427155
826,Oracle,826,26.27553939828569,132.9003187586314
827,Oracle,827,25.742381008536245,126.44243171429204
828,Oracle,828,25.23275863615133,125.72261304439624
829,Oracle,829,24.86373837955598,125.77149149133471
830,Oracle,830,26.11870895322535,127.91011230156516
831,Oracle,831,25.214653443710148,125.25812206786443
832,Oracle,832,26.44148690515933,129.40355115650505
833,Oracle,833,26.13592290490208,127.95958342837416
834,Oracle,834,27.329637238023064,131.3664532415579
835,Oracle,835,27.37732403752909,131.31962131038424
836,Oracle,836,25.356271823387168,129.79738793929914
837,Oracle,837,26.93086323022482,130.8436721631136
838,Oracle,838,26.83605770682401,131.62368364303867
839,Oracle,839,26.01426050126181,129.97280331142017
840,Oracle,840,27.07293768587765,126.36371375988568
841,Oracle,841,26.81971848673388,130.4704439444156
842,Oracle,842,26.07452401099098,129.34232774466992
843,Oracle,843,25.614171517987167,126.87018003586547
844,Oracle,844,25.57159656679593,124.47729495614094
845,Oracle,845,26.336428390128475,127.68940419030064
846,Oracle,846,25.47234462845754,128.39602739669502
847,Oracle,847,26.794354530740616,126.38369363205682
848,Oracle,848,25.991003134565435,127.32445111865562
849,Oracle,849,25.747508491217264,128.99575469320231
850,Oracle,850,25.61898298392841,127.80487093064116
851,Oracle,851,26.08967291933361,127.63732364633888
852,Oracle,852,25.259656318519173,127.05954097126228
853,Oracle,853,26.37661931426542,131.06614108715505
854,Oracle,854,27.187208888834807,133.04050179967788
855,Oracle,855,24.99678086903224,125.27514644156214
856,Oracle,856,26.84980924188169,128.52657442666575
857,Oracle,857,25.310393193009794,126.90166835934237
858,Oracle,858,25.28490470907748,126.5628882896146
859,Oracle,859,26.88354098540968,131.03210705586608
860,Oracle,860,27.045164807883047,130.41076402548873
861,Oracle,861,25.77250190240963,129.58226093601166
862,Oracle,862,27.153070694568303,127.38440461525182
863,Oracle,863,26.70649092198991,128.9781632472057
864,Oracle,864,25.8237592991614,129.83677800278824
865,Oracle,865,26.874273203656195,127.68306870059322
866,Oracle,866,27.72136031699358,128.9548958242487
867,Oracle,867,26.402764905145546,127.81047994732856
868,Oracle,868,26.704960887574813,129.5519868976014
869,Oracle,869,25.901502250768736,126.6475549117178
870,Oracle,870,26.770319246972385,124.51498537380692
871,Oracle,871,26.43102706450301,125.9480802978232
872,Oracle,872,25.76310476650099,126.39485372648836
873,Oracle,873,27.45765952581688,130.5655932296952
874,Oracle,874,24.859164309072188,126.65070664602804
875,Oracle,875,24.866397320190853,127.02521690149192
876,Oracle,876,26.3241405830146,129.464976430552
877,Oracle,877,25.705815474479955,128.33196164368047
878,Oracle,878,26.18834701493089,124.79209083562851
879,Oracle,879,26.363042391484797,130.3066112506794
880,Oracle,880,26.576052044043728,127.84392236724386
881,Oracle,881,26.98326531236772,129.67074805115502
882,Oracle,882,25.71755005525257,128.96697446689018
883,Oracle,883,24.96244170521212,128.40843104598173
884,Oracle,884,25.494568650414863,126.0796822590286
885,Oracle,885,26.15522391559612,126.80267229641342
886,Oracle,886,25.75415252221024,127.48143580875347
887,Oracle,887,26.21665289203489,128.03407241903983
888,Oracle,888,27.524418178246705,131.65952859134262
889,Oracle,889,26.09836821265113,126.48783264133156
890,Oracle,890,26.149770853069263,134.73740496782048
891,Oracle,891,25.83202458364404,131.0455236572014
892,Oracle,892,23.9857076790574,127.17724579147811
893,Oracle,893,25.696068262430664,126.55834423574728
894,Oracle,894,27.157661187150744,126.35604049839613
895,Oracle,895,26.319036241100967,125.25598847867288
896,Oracle,896,27.71171877292908,126.95985530391376
897,Oracle,897,26.361010707963832,126.57246777594132
898,Oracle,898,26.689103726913544,128.77738549974055
899,Oracle,899,26.35113560848764,128.842008111156
900,Oracle,900,25.96814062897037,122.41694840287248
901,Oracle,901,27.0404666631791,129.260498058294
902,Oracle,902,26.990254839248745,128.9142617351812
903,Oracle,903,27.15165897560853,128.02314150150087
904,Oracle,904,26.51595936373478,128.73240551206698
905,Oracle,905,25.840889852078583,127.66137752391496
906,Oracle,906,25.84709699774208,125.53761901887336
907,Oracle,907,26.875082251374756,127.80220787026867
908,Oracle,908,26.211952831765338,130.9383170751867
909,Oracle,909,25.323522746624626,127.201903828226
910,Oracle,910,26.96825480168806,131.8045873239271
911,Oracle,911,27.0669976844604,130.49628754995928
912,Oracle,912,25.678673059537168,127.32106181230496
913,Oracle,913,26.145768556483404,128.8987325308209
914,Oracle,914,24.47166229838181,125.16381691997891
915,Oracle,915,26.36848032070806,131.22973072963762
916,Oracle,916,26.84090718012297,127.93440415238106
917,Oracle,917,27.273334254162812,133.4156371975863
918,Oracle,918,26.15727806041525,129.8495666923859
919,Oracle,919,25.9279064956578,126.50950403911592
920,Oracle,920,26.997148254246945,131.04102340613542
921,Oracle,921,27.6177638697951,129.92302120439754
922,Oracle,922,25.49458723202326,128.34891466994975
923,Oracle,923,24.80030089579273,126.17527928432386
924,Oracle,924,25.88165901646779,125.5058055429842
925,Oracle,925,26.688062705702368,128.61306312450333
926,Oracle,926,25.33899723678445,127.39215505059266
927,Oracle,927,25.9817546462004,128.89768325787566
928,Oracle,928,27.874750138321343,130.42744711907952
929,Oracle,929,27.087776280997264,128.89637186377024
930,Oracle,930,26.21941336362763,128.21119131513632
931,Oracle,931,25.711510679207468,128.06306564644262
932,Oracle,932,27.864317512602103,130.33229122752516
933,Oracle,933,26.340149279995845,123.69170927624774
934,Oracle,934,26.41455075586462,131.3827284872729
935,Oracle,935,25.196908227942668,127.3141199207204
936,Oracle,936,26.12630287691292,129.23804385069215
937,Oracle,937,26.15270554333485,127.53204689637064
938,Oracle,938,26.536882856900164,126.76937130495789
939,Oracle,939,26.411430162114584,128.56848913615332
940,Oracle,940,27.554436291017105,131.23556446058964
941,Oracle,941,26.57044166458326,129.23605001659007
942,Oracle,942,24.26383804719892,125.61373834998908
943,Oracle,943,27.038906457887624,127.04110424599696
944,Oracle,944,26.24157138347217,128.27480055534946
945,Oracle,945,27.294358555679064,130.7130263751177
946,Oracle,946,25.263350697297764,129.17092844149087
947,Oracle,947,25.82526987307637,130.11458171400622
948,Oracle,948,28.20911945410976,129.9803377651473
949,Oracle,949,25.985817605876072,129.50825192674083
950,Oracle,950,27.120727615427377,131.6672657984626
951,Oracle,951,26.883272877405084,129.59560652423647
952,Oracle,952,26.487697793432968,131.78963249721247
953,Oracle,953,25.296833029960048,126.28568910373396
954,Oracle,954,25.099943789499708,125.50067941922336
955,Oracle,955,25.69082758811255,129.1533039244392
956,Oracle,956,26.058584479434995,126.57714043450136
957,Oracle,957,27.340349394437823,129.48220733613996
958,Oracle,958,24.361331537797795,127.77607464481731
959,Oracle,959,27.023788477162533,128.41574650493123
960,Oracle,960,27.07084487520746,130.17988924935872
961,Oracle,961,26.1295696516538,130.20026645898687
962,Oracle,962,26.07839701509473,129.11467092237484
963,Oracle,963,25.301228284496005,124.6974941529828
964,Oracle,964,24.88462156552569,128.15864227291894
965,Oracle,965,26.801846126127757,130.56591228013284
966,Oracle,966,26.64575103412726,126.76984854024504
967,Oracle,967,25.421924995832917,126.96052518623608
968,Oracle,968,27.74896701791717,126.14117761944856
969,Oracle,969,25.716435636726874,127.63587502996572
970,Oracle,970,26.62933169086277,132.4451051612503
971,Oracle,971,26.25845792000843,130.34354231312142
972,Oracle,972,27.30951639128113,132.6587220713659
973,Oracle,973,25.317708379512656,124.5274743794744
974,Oracle,974,25.35108213109202,129.14897140688936
975,Oracle,975,25.66086862173605,124.92994872765206
976,Oracle,976,24.951821262804163,127.15250909816297
977,Oracle,977,26.473580068194828,129.06240183805235
978,Oracle,978,25.80801100112868,125.7159503364568
979,Oracle,979,25.326666301248466,127.83671598254683
980,Oracle,980,25.719103275264057,127.38341815232066
981,Oracle,981,26.26589755045593,130.36336303512505
982,Oracle,982,26.34541157944384,125.96924099079752
983,Oracle,983,27.205724640748343,130.4776677970804
984,Oracle,984,28.256160127763373,128.9956428919508
985,Oracle,985,26.366995922550363,129.46300627997704
986,Oracle,986,25.897686869671464,128.23288678884893
987,Oracle,987,26.098635997510097,129.2620820476911
988,Oracle,988,27.40991562416608,128.56454172684903
989,Oracle,989,25.418224746803336,126.11273333337658
990,Oracle,990,26.133982683978974,128.2013707369927
991,Oracle,991,27.193580186966614,133.04467332877053
992,Oracle,992,24.375463886989408,124.30764967406463
993,Oracle,993,25.263901823558943,124.72728697725807
994,Oracle,994,27.06539250777708,130.2734470488489
995,Oracle,995,26.242230566864524,125.0662089563122
996,Oracle,996,26.189543200453983,128.25478487235685
997,Oracle,997,26.77333995797627,130.09862804361993
998,Oracle,998,26.65979054310849,133.03452628817672
999,Oracle,999,25.75039022365909,128.12068997934094
