,Character,Pinyin,C1Type,Strokes,Frequency,C1Frequency,AdjustedFrequency,AdjustedC1Frequency
0,曲,qu3,Picto,6,32.0237,183.6395,158.3171,491.4766
1,案,an4,PicPho,10,48.9177,245.9753,48.9177,245.9753
2,投,tou2,PicPho,7,65.0111,930.4444,65.0111,930.4444
3,稳,wen3,Other,14,36.8718,77.0667,36.8718,77.0667
4,敝,bi4,PicSyn,11,0.1186,0.4494,0.1186,0.4494
5,描,miao2,PicPho,12,0.2595,38.7753,0.2595,38.7753
6,畜,xu4,PicSyn,10,3.1134,9.363,3.1134,9.363
7,款,kuan3,PicSyn,12,153.699,217.1062,153.699,217.1062
8,窒,zhi4,PicPho,11,0.0371,6.2321,0.0371,6.2321
9,矮,ai3,PicPho,13,22.7279,21.4272,22.7279,21.4272
10,卵,luan3,Picto,7,3.7806,7.6444,3.7806,7.6444
11,蹿,cuan1,PicPho,19,0.2891,1.3481,0.2891,1.3481
12,隐,yin3,Other,11,4.2847,79.5358,4.2847,79.5358
13,盔,kui1,PicPho,11,0.215,5.8469,0.215,5.8469
14,爽,shuang3,PicSyn,11,36.212,180.4395,36.212,180.4395
15,传,zhuan4,PicPho,6,96.7161,554.637,96.7161,554.637
16,喏,nuo4,PicPho,12,0.6894,1.8568,0.6894,1.8568
17,舵,duo4,PicPho,11,1.1045,1.7679,1.1045,1.7679
18,益,yi4,PicSyn,10,5.0556,70.4395,5.0556,70.4395
19,爱,ai4,Other,10,2042.6093,2633.6889,2042.6093,2633.6889
20,远,yuan3,PicPho,7,153.6546,508.1185,153.6546,508.1185
21,择,zhai2,Other,8,0.6375,196.3605,0.6375,196.3605
22,澪,ling2,PicPho,16,0.3336,0.2765,0.3336,0.2765
23,划,hua4,PicSyn,6,15.063,144.8642,15.063,144.8642
24,瓢,piao2,PicPho,16,0.1483,2.3358,0.1483,2.3358
25,侣,lv3,PicPho,8,0.2446,48.7605,0.2446,48.7605
26,思,si1,PicSyn,9,12.1349,539.5605,12.1349,539.5605
27,齿,chi3,Picto,8,1.5196,31.9654,2.1719000000000004,93.5209
28,粑,ba1,PicPho,10,0.0667,7.1654,0.0667,7.1654
29,抿,min3,PicPho,8,0.9192,1.116,0.9192,1.116
30,枯,ku1,PicPho,9,0.2298,20.4593,0.2298,20.4593
31,琼,qiong2,Other,12,2.4611,9.8914,2.4611,9.8914
32,鲨,sha1,PicPho,15,1.6012,9.8617,1.6012,9.8617
33,握,wo4,PicPho,12,15.8488,67.9309,15.8488,67.9309
34,肤,fu1,PicPho,8,0.6968,154.4691,0.6968,154.4691
35,嚏,ti4,PicPho,17,0.089,6.8296,0.089,6.8296
36,褶,zhe3,PicPho,17,0.3262,4.7506,0.3262,4.7506
37,刻,ke4,PicPho,8,85.1446,308.716,85.1446,308.716
38,纺,fang3,PicPho,7,0.1186,6.8741,0.1186,6.8741
39,秃,tu1,Picto,7,0.7116,5.2741,0.7116,5.2741
40,痕,hen2,PicPho,11,8.7027,38.7901,8.7027,38.7901
41,博,bo2,PicPho,12,2319.8962,2243.5852,2319.8962,2243.5852
42,镬,huo4,PicPho,18,0.0445,0.3111,0.0445,0.3111
43,泊,bo2,PicPho,8,1.1268,14.0691,1.1268,14.0691
44,娱,yu2,PicPho,10,10.5189,60.3259,10.5189,60.3259
45,染,ran3,PicPho,9,13.788,64.8099,13.788,64.8099
46,掸,dan3,PicPho,11,0.1631,0.6765,0.1631,0.6765
47,蛰,zhe2,PicPho,12,0.8377,1.037,0.8377,1.037
48,囔,nang1,PicPho,25,0.0148,1.2099,0.0148,1.2099
49,谣,yao2,PicPho,12,0.1705,13.037,0.1705,13.037
50,烦,fan2,PicSyn,10,145.5893,277.7037,145.5893,277.7037
51,楷,kai3,PicPho,13,0.0148,1.5259,0.0148,1.5259
52,额,e2,PicPho,15,37.3684,75.9605,37.3684,75.9605
53,咸,xian2,PicSyn,9,12.1053,19.4617,12.1053,19.4617
54,柩,jiu4,PicPho,9,0.0222,0.2025,0.0222,0.2025
55,瘫,tan1,PicPho,15,1.49,7.2938,1.49,7.2938
56,葱,cong1,PicPho,11,14.596,40.7309,14.596,40.7309
57,窥,kui1,PicPho,13,1.2676,6.4099,1.2676,6.4099
58,枕,zhen3,Other,8,8.3469,28.1284,8.3469,28.1284
59,锚,mao2,PicPho,13,0.6004,1.7136,0.6004,1.7136
60,录,lu4,PicPho,8,92.2832,339.037,92.2832,339.037
61,墓,mu4,PicPho,14,13.7583,27.9802,13.7583,27.9802
62,芋,yu4,PicPho,6,0.1631,7.8074,0.1631,7.8074
63,囚,qiu2,PicSyn,5,0.6153,8.6321,0.6153,8.6321
64,疆,jiang1,PicLog,19,0.3188,12.163,0.3188,12.163
65,镇,zhen4,PicPho,15,32.6093,82.6568,32.6093,82.6568
66,吝,lin4,PicPho,7,0.0148,5.1012,0.0148,5.1012
67,卜,bu3,Picto,2,2.8169,53.284,4847.1758,12431.6987
68,椿,chun1,PicPho,13,0.0371,0.7062,0.0371,0.7062
69,鹿,lu4,Picto,11,9.4218,27.7877,9.496,29.2939
70,哆,duo1,PicPho,9,1.4678,9.763,1.4678,9.763
71,胜,sheng4,PicPho,9,28.9177,188.2815,28.9177,188.2815
72,评,ping2,PicPho,7,16.4937,259.8469,16.4937,259.8469
73,捆,kun3,PicPho,10,2.1349,5.0222,2.1349,5.0222
74,拧,ning3,PicPho,8,1.7865,5.0519,1.7865,5.0519
75,柄,bing3,PicPho,9,1.0378,5.8123,1.0378,5.8123
76,焊,han4,PicPho,11,0.6746,1.7877,0.6746,1.7877
77,另,ling4,PicSyn,5,213.3136,191.2988,213.3136,191.2988
78,市,shi4,PicSyn,5,33.8325,774.4444,33.8325,774.4444
79,勾,gou1,PicSyn,4,6.2046,27.7235,6.2046,27.7235
80,踹,chuai4,PicPho,16,1.238,3.8519,1.238,3.8519
81,轨,gui3,PicPho,6,1.4085,23.3481,1.4085,23.3481
82,旬,xun2,PicSyn,6,0.4596,3.3531,0.4596,3.3531
83,穆,mu4,Other,16,0.6746,14.2765,0.6746,14.2765
84,尝,chang2,Other,9,11.8532,67.2,11.8532,67.2
85,乒,ping1,Other,6,0.089,3.8272,0.089,3.8272
86,损,sun3,PicPho,10,1.275,45.3728,1.275,45.3728
87,蚀,shi2,PicSyn,9,0.3558,6.1037,0.3558,6.1037
88,云,yun2,Picto,4,54.3365,264.1679,54.3365,264.1679
89,钟,zhong1,PicPho,9,58.7843,377.3037,58.7843,377.3037
90,搏,bo2,PicPho,13,3.9214,23.4963,3.9214,23.4963
91,琐,suo3,PicPho,11,0.089,16.158,0.089,16.158
92,肚,du4,PicPho,7,26.5901,126.9333,26.5901,126.9333
93,瑟,se4,Picto,13,2.6019,39.8025,2.6019,39.8025
94,洼,wa1,PicPho,9,0.1186,1.0222,0.1186,1.0222
95,奈,nai4,PicSyn,8,3.8251,72.0247,3.8251,72.0247
96,弈,yi4,PicPho,9,0.126,1.6346,0.126,1.6346
97,幸,xing4,PicSyn,8,10.8228,746.9235,10.8228,746.9235
98,牵,qian1,Other,9,39.192,70.8741,39.192,70.8741
99,灸,jiu3,PicPho,7,0.0445,1.6988,0.0445,1.6988
100,姻,yin1,PicPho,9,0.0371,45.0173,0.0371,45.0173
101,导,dao3,Other,6,2.6093,239.5654,2.6093,239.5654
102,吧,ba5,PicPho,7,4656.3084,3244.4938,4656.3084,3244.4938
103,陌,mo4,PicPho,9,0.4818,53.042,0.4818,53.042
104,质,zhi4,PicPho,8,4.7665,215.3481,4.7665,215.3481
105,答,da2,PicPho,12,37.3536,197.2049,37.3536,197.2049
106,嫂,sao3,PicPho,13,0.2817,17.4617,0.2817,17.4617
107,逻,luo2,PicPho,11,0.0445,13.1111,0.0445,13.1111
108,甭,beng2,PicSyn,9,0.6894,3.1901,0.6894,3.1901
109,削,xue1,PicPho,9,8.2728,12.4099,8.2728,12.4099
110,腱,jian4,PicPho,13,0.1038,1.1901,0.1038,1.1901
111,男,nan2,PicSyn,7,240.0519,842.9086,240.0519,842.9086
112,蔡,cai4,PicPho,14,5.8414,22.1284,5.8414,22.1284
113,承,cheng2,PicSyn,8,1.9644,155.6099,1.9644,155.6099
114,擒,qin2,PicPho,16,0.6375,4.242,0.6375,4.242
115,哀,ai1,PicPho,9,2.9281,42.4741,2.9281,42.4741
116,诧,cha4,PicPho,8,0.0371,2.5383,0.0371,2.5383
117,关,guan1,PicPho,6,83.2617,976.716,83.2617,976.716
118,莹,ying2,Other,10,0.1334,10.9185,0.1334,10.9185
119,牙,ya2,Picto,4,29.8295,140.8642,849.963,1039.7383
120,弛,chi2,PicPho,6,0.0445,2.4988,0.0445,2.4988
121,哗,hua1,PicPho,9,1.0971,11.0617,1.0971,11.0617
122,破,po4,PicPho,10,85.0408,208.8049,85.0408,208.8049
123,流,liu2,PicSyn,9,42.5574,454.5778,42.5574,454.5778
124,姊,zi3,Other,8,0.5041,5.9802,0.5041,5.9802
125,驽,nu2,PicPho,8,0.0371,0.079,0.0371,0.079
126,搅,jiao3,PicPho,12,6.9162,25.4123,6.9162,25.4123
127,珂,ke1,PicPho,9,0.2224,2.4247,0.2224,2.4247
128,畅,chang4,Other,8,8.7917,54.6123,8.7917,54.6123
129,帽,mao4,PicPho,12,18.384,72.2914,18.384,72.2914
130,胚,pei1,PicPho,9,0.6079,1.5012,0.6079,1.5012
131,翅,chi4,PicPho,10,0.467,27.279,0.467,27.279
132,峡,xia2,PicPho,9,0.0519,14.5975,0.0519,14.5975
133,裴,pei2,PicPho,14,0.215,1.4519,0.215,1.4519
134,泰,tai4,Other,10,12.7872,67.3778,12.7872,67.3778
135,舀,yao3,PicSyn,10,0.4744,1.2,0.4744,1.2
136,致,zhi4,PicPho,10,18.4285,155.5358,18.4285,155.5358
137,啸,xiao4,PicPho,11,0.0148,19.2889,0.0148,19.2889
138,炒,chao3,PicPho,8,51.6086,84.0148,51.6086,84.0148
139,溺,ni4,PicSyn,13,0.5634,8.2123,0.5634,8.2123
140,屠,tu2,PicPho,11,1.5715,21.3926,1.5715,21.3926
141,镖,biao1,PicPho,16,1.0452,6.7259,1.0452,6.7259
142,扦,qian1,PicPho,6,0.0222,0.0889,0.0222,0.0889
143,面,mian4,Picto,9,150.5856,1395.4321,151.29729999999998,1401.2889
144,愧,kui4,PicPho,13,0.0593,24.4049,0.0593,24.4049
145,颠,dian1,PicPho,16,1.49,26.6074,1.49,26.6074
146,捎,shao1,PicPho,10,1.0675,2.6617,1.0675,2.6617
147,崩,beng1,PicPho,11,7.9837,40.4444,7.9837,40.4444
148,卖,mai4,PicSyn,8,155.6857,217.0716,155.6857,217.0716
149,萌,meng2,PicPho,11,6.8569,70.7111,6.8569,70.7111
150,凄,qi1,PicPho,10,0.1483,14.6765,0.1483,14.6765
151,欣,xin1,PicPho,8,0.7042,71.4025,0.7042,71.4025
152,薏,yi4,PicPho,16,0.0964,3.3975,0.0964,3.3975
153,町,ting3,PicPho,7,0.5189,1.6049,0.5189,1.6049
154,汕,shan4,PicPho,6,0.126,13.6247,0.126,13.6247
155,妮,ni1,PicPho,8,9.2291,47.9259,9.2291,47.9259
156,翼,yi4,PicPho,17,11.5715,28.9531,11.5715,28.9531
157,衿,jin1,PicPho,9,0.0148,0.2173,0.0148,0.2173
158,副,fu4,PicPho,11,47.146,58.1728,47.146,58.1728
159,多,duo1,PicSyn,6,2472.6686,2942.1086,2472.6686,2942.1086
160,困,kun4,PicSyn,7,137.4648,218.6914,137.4648,218.6914
161,骄,jiao1,PicPho,9,0.126,37.2988,0.126,37.2988
162,胀,zhang4,PicPho,8,1.0452,14.2173,1.0452,14.2173
163,措,cuo4,PicPho,11,0.1557,21.6395,0.1557,21.6395
164,济,ji4,PicPho,9,2.6983,69.1407,2.6983,69.1407
165,营,ying2,Other,11,6.2268,151.3877,6.2268,151.3877
166,会,hui4,PicSyn,6,4673.7583,4272.8,4673.7583,4272.8
167,朽,xiu3,PicPho,6,1.616,4.3605,1.616,4.3605
168,殖,zhi2,PicPho,12,0.0519,6.479,0.0519,6.479
169,俭,jian3,PicPho,9,0.0445,4.0247,0.0445,4.0247
170,懵,meng3,PicPho,19,0.4374,5.8222,0.4374,5.8222
171,汞,gong3,PicPho,7,1.2157,0.9086,1.2157,0.9086
172,琪,qi2,PicPho,12,1.3047,15.5901,1.3047,15.5901
173,空,kong1,PicPho,8,52.2313,489.2988,52.2313,489.2988
174,革,ge2,Picto,9,1.0526,55.9901,92.5204,525.4173999999999
175,乍,zha4,PicSyn,5,0.4967,3.8222,204.8035,2967.4913
176,秒,miao3,PicPho,9,145.1223,123.8321,145.1223,123.8321
177,闸,zha2,PicPho,8,0.3336,5.0321,0.3336,5.0321
178,妳,nai3,Other,8,5.8858,24.9284,5.8858,24.9284
179,昧,mei4,PicPho,9,0.1334,19.042,0.1334,19.042
180,炬,ju4,PicPho,9,0.1038,4.6815,0.1038,4.6815
181,绳,sheng2,PicPho,11,2.7057,18.9877,2.7057,18.9877
182,掺,chan1,PicPho,11,1.8532,4.5432,1.8532,4.5432
183,韦,wei2,Other,4,0.9044,23.521,49.7777,614.0098
184,缕,lv3,PicPho,12,8.3321,6.7012,8.3321,6.7012
185,么,me5,Other,3,306.3306,5856.5728,306.3306,5856.5728
186,引,yin3,PicLog,4,15.6857,186.4,15.6857,186.4
187,暮,mu4,PicPho,15,0.3484,11.1012,0.3484,11.1012
188,茧,jian3,PicSyn,9,1.6827,2.8741,1.6827,2.8741
189,嚼,jiao2,PicPho,20,7.1164,10.321,7.1164,10.321
190,还,hai2,Other,7,4257.6427,3703.8222,4257.6427,3703.8222
191,缅,mian3,PicPho,12,0.6153,5.0025,0.6153,5.0025
192,陨,yun3,PicPho,9,0.0519,2.3852,0.0519,2.3852
193,邓,deng4,Other,4,1.0749,14.0494,1.0749,14.0494
194,斯,si1,PicPho,12,42.4166,541.3728,42.4166,541.3728
195,卯,mao3,Picto,5,0.2224,2.8198,0.2224,2.8198
196,陵,ling2,PicPho,11,0.2595,35.7531,0.2595,35.7531
197,咏,yong3,PicPho,8,0.1705,6.3111,0.1705,6.3111
198,腓,fei2,PicPho,12,0.8451,0.8099,0.8451,0.8099
199,援,yuan2,PicPho,12,0.7413,55.1605,0.7413,55.1605
200,肿,zhong3,PicPho,8,3.8621,84.2963,3.8621,84.2963
201,溪,xi1,PicPho,13,4.9666,16.0346,4.9666,16.0346
202,础,chu3,PicPho,10,0.0222,15.4025,0.0222,15.4025
203,鞍,an1,PicPho,15,0.1927,2.7556,0.1927,2.7556
204,宁,ning2,PicPho,5,7.1831,127.6593,7.1831,127.6593
205,浜,bang1,PicPho,10,0.0815,0.8889,0.0815,0.8889
206,吵,chao3,PicPho,7,67.8947,121.9654,67.8947,121.9654
207,庚,geng1,Picto,8,0.2076,23.0716,0.2076,23.0716
208,干,gan4,Other,3,443.5211,650.4247,443.5211,650.4247
209,呃,e5,PicPho,7,175.0778,123.0272,175.0778,123.0272
210,日,ri4,Picto,4,649.8666,1612.6568,82700.8523,92134.81029999998
211,山,shan1,Picto,3,123.5878,517.916,3175.8782999999994,5587.096299999998
212,奸,jian1,PicSyn,6,0.7784,54.6815,0.7784,54.6815
213,栋,dong4,PicPho,9,16.9978,13.2395,16.9978,13.2395
214,沓,ta4,PicSyn,8,0.593,1.4568,0.593,1.4568
215,祥,xiang2,PicPho,11,0.4299,81.7778,0.4299,81.7778
216,丹,dan1,Picto,4,8.2802,68.0198,8.3617,72.3704
217,疡,yang2,Other,8,0.0148,5.2889,0.0148,5.2889
218,剪,jian3,PicPho,11,64.003,79.2889,64.003,79.2889
219,畔,pan4,PicPho,10,5.1594,5.7432,5.1594,5.7432
220,卞,bian4,Other,4,0.0297,1.3778,0.0297,1.3778
221,赦,she4,PicPho,11,0.7339,3.0716,0.7339,3.0716
222,跷,qiao1,PicPho,13,1.0378,2.4346,1.0378,2.4346
223,乘,cheng2,PicSyn,10,20.0074,43.684,20.0074,43.684
224,翔,xiang2,PicPho,12,0.7709,46.9432,0.7709,46.9432
225,蝎,xie1,PicPho,15,0.2965,75.1704,0.2965,75.1704
226,霉,mei2,PicPho,15,1.8829,39.1951,1.8829,39.1951
227,漠,mo4,PicPho,14,0.2669,28.7111,0.2669,28.7111
228,相,xiang4,PicSyn,9,41.3566,978.4642,41.3566,978.4642
229,站,zhan4,PicPho,10,223.6546,339.9556,223.6546,339.9556
230,玺,xi3,PicPho,10,0.6301,2.1975,0.6301,2.1975
231,括,kuo4,PicPho,9,0.0667,38.5185,0.0667,38.5185
232,妇,fu4,Other,6,1.9348,113.1012,1.9348,113.1012
233,沾,zhan1,PicPho,8,11.8458,15.8617,11.8458,15.8617
234,憋,bie1,PicPho,15,20.2669,22.7358,20.2669,22.7358
235,型,xing2,PicPho,9,30.4893,320.1037,30.4893,320.1037
236,珞,luo4,PicPho,10,0.0222,4.5333,0.0222,4.5333
237,鱿,you2,PicPho,12,0.0519,5.4469,0.0519,5.4469
238,嵌,qian4,PicPho,12,1.4455,3.5605,1.4455,3.5605
239,叔,shu1,PicSyn,8,1.6679,98.0444,1.6679,98.0444
240,斟,zhen1,PicPho,13,0.2817,1.9852,0.2817,1.9852
241,骸,hai2,PicPho,16,0.1483,3.0519,0.1483,3.0519
242,憾,han4,PicPho,16,1.0452,53.284,1.0452,53.284
243,淌,tang3,PicPho,11,0.6301,5.5358,0.6301,5.5358
244,安,an1,PicSyn,6,34.2698,1186.3111,34.2698,1186.3111
245,剐,gua3,PicPho,9,0.1631,0.5432,0.1631,0.5432
246,蹦,beng4,PicPho,18,2.7724,10.7062,2.7724,10.7062
247,妓,ji4,PicPho,7,1.7124,21.3086,1.7124,21.3086
248,自,zi4,Picto,6,483.106,3079.6642,483.106,3079.6642
249,烬,jin4,PicPho,10,0.0222,1.4173,0.0222,1.4173
250,凋,diao1,PicPho,10,0.0445,4.237,0.0445,4.237
251,镜,jing4,PicPho,16,17.4574,116.5728,17.4574,116.5728
252,晨,chen2,PicPho,11,18.1616,162.237,18.1616,162.237
253,丢,diu1,PicSyn,6,84.1364,100.637,84.1364,100.637
254,祛,qu1,PicPho,10,0.3855,8.9877,0.3855,8.9877
255,帕,pa4,PicPho,8,3.1505,26.2568,3.1505,26.2568
256,痛,tong4,PicPho,12,148.7472,446.3704,148.7472,446.3704
257,窠,ke1,PicPho,13,0.0148,0.0642,0.0148,0.0642
258,亲,qin1,PicPho,9,199.6664,863.8469,199.6664,863.8469
259,颤,chan4,PicPho,19,1.0675,15.8667,1.0675,15.8667
260,防,fang2,PicPho,7,17.2572,131.1457,17.2572,131.1457
261,枫,feng1,PicPho,8,0.682,5.9556,0.682,5.9556
262,秀,xiu4,PicSyn,7,58.636,178.6914,58.636,178.6914
263,厢,xiang1,PicPho,11,1.0823,19.363,1.0823,19.363
264,戎,rong2,PicSyn,6,0.0445,1.2148,0.0445,1.2148
265,衫,shan1,PicPho,8,3.3062,56.4593,3.3062,56.4593
266,幡,fan1,PicPho,15,0.0815,0.6123,0.0815,0.6123
267,预,yu4,PicPho,10,3.2098,180.484,3.2098,180.484
268,糜,mi2,PicPho,17,0.1408,1.6346,0.1408,1.6346
269,钮,niu3,PicPho,9,0.6523,6.5679,0.6523,6.5679
270,左,zuo3,PicSyn,5,150.5041,211.8123,150.5041,211.8123
271,潮,chao2,PicPho,15,53.0022,136.9877,53.0022,136.9877
272,于,yu2,Picto,3,233.7139,1320.8988,233.7139,1320.8988
273,促,cu4,PicPho,9,25.1668,77.8815,25.1668,77.8815
274,孚,fu2,PicSyn,7,0.2224,0.9086,0.2224,0.9086
275,嗙,pang3,PicPho,13,0.1408,0.1333,0.1408,0.1333
276,史,shi3,PicSyn,5,23.1134,143.3037,23.1134,143.3037
277,滕,teng2,Other,15,0.0964,2.1679,0.0964,2.1679
278,书,shu1,Other,4,170.7265,358.4346,170.7265,358.4346
279,归,gui1,Other,5,71.2528,144.163,71.2528,144.163
280,衍,yan3,PicSyn,9,0.0222,6.5284,0.0222,6.5284
281,欸,ai1,PicPho,11,0.5634,1.5111,0.5634,1.5111
282,转,zhuan4,PicPho,8,158.1171,591.0963,158.1171,591.0963
283,剧,ju4,PicPho,10,24.2995,226.9728,24.2995,226.9728
284,敲,qiao1,PicPho,14,15.2854,39.5605,15.2854,39.5605
285,成,cheng2,PicSyn,6,369.7035,2464.4938,369.7035,2464.4938
286,粉,fen3,PicPho,10,8.3543,290.716,8.3543,290.716
287,嗄,a2,PicPho,13,0.2446,0.7605,0.2446,0.7605
288,擤,xing3,PicSyn,17,0.2817,0.558,0.2817,0.558
289,噘,jue1,PicPho,15,0.1408,0.2667,0.1408,0.2667
290,晚,wan3,PicPho,11,269.1846,1634.5432,269.1846,1634.5432
291,睾,gao1,PicSyn,14,0.0964,1.9753,0.0964,1.9753
292,李,li3,PicPho,7,30.3336,194.5975,30.3336,194.5975
293,榛,zhen1,PicPho,14,0.0667,2.3457,0.0667,2.3457
294,耽,dan1,PicPho,10,2.0979,8.4346,2.0979,8.4346
295,妄,wang4,PicPho,6,0.8747,13.1704,0.8747,13.1704
296,攥,zuan4,PicPho,23,0.2743,1.1259,0.2743,1.1259
297,箩,luo2,PicPho,14,0.1927,1.037,0.1927,1.037
298,据,ju4,PicPho,11,56.7309,199.3531,56.7309,199.3531
299,走,zou3,PicSyn,7,1010.1779,1060.6222,1010.1779,1060.6222
300,烛,zhu2,Other,10,0.1557,17.358,0.1557,17.358
301,待,dai4,PicPho,9,90.6153,439.4222,90.6153,439.4222
302,袄,ao3,PicPho,9,0.1927,5.1259,0.1927,5.1259
303,赋,fu4,PicPho,12,1.0897,16.3556,1.0897,16.3556
304,林,lin2,PicSyn,8,27.5019,222.0593,27.5019,222.0593
305,止,zhi3,Picto,4,19.8369,186.321,2391.9422,7823.0025
306,肴,yao2,PicPho,8,0.0815,2.8543,0.0815,2.8543
307,肝,gan1,PicPho,7,2.1572,29.2642,2.1572,29.2642
308,僧,seng1,PicPho,14,0.2891,12.8247,0.2891,12.8247
309,茫,mang2,PicPho,9,0.1557,41.7531,0.1557,41.7531
310,靥,ye4,PicPho,15,0.0964,0.8543,0.0964,0.8543
311,郎,lang2,PicPho,9,4.6924,78.1284,4.6924,78.1284
312,缓,huan3,PicPho,12,6.0415,45.9012,6.0415,45.9012
313,启,qi3,PicSyn,7,2.55,72.7605,2.55,72.7605
314,昱,yu4,PicPho,9,0.0964,0.5383,0.0964,0.5383
315,搀,chan1,Other,12,0.2001,1.7086,0.2001,1.7086
316,街,jie1,PicPho,12,106.6197,286.8049,106.6197,286.8049
317,类,lei4,PicPho,9,72.0608,193.0025,72.0608,193.0025
318,仔,zi3,PicPho,5,8.2209,153.4074,8.2209,153.4074
319,劝,quan4,Other,4,14.5219,16.0198,14.5219,16.0198
320,加,jia1,PicSyn,5,163.0022,1169.5901,163.0022,1169.5901
321,虹,hong2,PicPho,9,0.8895,34.8691,0.8895,34.8691
322,补,bu3,PicPho,7,68.7991,152.1926,68.7991,152.1926
323,矿,kuang4,PicPho,8,4.2031,20.2321,4.2031,20.2321
324,纨,wan2,PicPho,6,0.0297,0.4395,0.0297,0.4395
325,泷,long2,PicPho,8,0.2001,0.9037,0.2001,0.9037
326,剑,jian4,PicPho,9,91.8087,110.4938,91.8087,110.4938
327,坡,po1,PicPho,8,2.9577,35.0123,2.9577,35.0123
328,馊,sou1,PicPho,12,0.2965,0.9383,0.2965,0.9383
329,脾,pi2,PicPho,12,0.2965,52.242,0.2965,52.242
330,跨,kua4,PicPho,13,8.1023,33.4765,8.1023,33.4765
331,栈,zhan4,PicPho,9,0.1408,26.9926,0.1408,26.9926
332,栗,li4,PicSyn,10,1.0452,8.6963,1.0452,8.6963
333,恢,hui1,PicPho,9,0.0222,34.6074,0.0222,34.6074
334,糗,qiu3,PicPho,16,1.616,6.4741,1.616,6.4741
335,铁,tie3,Other,10,41.8087,195.1309,41.8087,195.1309
336,绕,rao4,PicPho,9,17.8428,38.2815,17.8428,38.2815
337,次,ci4,PicPho,6,1619.8147,1271.1259,1619.8147,1271.1259
338,坪,ping2,PicPho,8,0.8154,6.4988,0.8154,6.4988
339,勇,yong3,PicPho,9,25.9007,140.7605,25.9007,140.7605
340,淮,huai2,PicPho,11,0.0222,7.2099,0.0222,7.2099
341,秽,hui4,PicPho,11,0.252,2.3062,0.252,2.3062
342,雇,gu4,PicPho,12,11.9051,35.116,11.9051,35.116
343,鼓,gu3,PicSyn,13,10.9859,91.8173,10.9859,91.8173
344,炖,dun4,PicPho,8,14.2254,14.0741,14.2254,14.0741
345,工,gong1,Picto,3,15.6931,730.3556,1922.0681,7514.547999999998
346,狗,gou3,PicPho,8,241.5419,255.837,241.5419,255.837
347,村,cun1,PicPho,7,38.8362,115.5407,38.8362,115.5407
348,撞,zhuang4,PicPho,15,47.4648,80.0741,47.4648,80.0741
349,瘪,bie3,PicSyn,15,2.0385,2.5481,2.0385,2.5481
350,眸,mou2,PicPho,11,0.2595,7.4716,0.2595,7.4716
351,银,yin2,PicPho,11,29.6887,153.8914,29.6887,153.8914
352,骆,luo4,PicPho,9,0.1038,4.5827,0.1038,4.5827
353,载,zai4,Other,10,17.5093,585.1506,17.5093,585.1506
354,刑,xing2,PicPho,6,1.4826,41.121,1.4826,41.121
355,灯,deng1,PicPho,6,66.7976,163.0173,66.7976,163.0173
356,彰,zhang1,PicPho,14,0.2743,6.0198,0.2743,6.0198
357,籽,zi3,PicPho,9,0.3262,5.2889,0.3262,5.2889
358,嗒,da1,PicPho,13,1.6457,10.079,1.6457,10.079
359,噩,e4,Other,16,0.0741,24.0444,0.0741,24.0444
360,晖,hui1,PicPho,10,0.0741,2.9432,0.0741,2.9432
361,求,qiu2,Picto,7,411.3714,581.1506,606.5011000000001,1211.8322
362,拴,shuan1,PicPho,9,1.3788,2.9235,1.3788,2.9235
363,集,ji2,PicSyn,12,127.7984,263.2988,127.7984,263.2988
364,地,de5,PicPho,6,817.2276,2165.5259,817.2276,2165.5259
365,贷,dai4,PicPho,9,0.5263,11.8765,0.5263,11.8765
366,肘,zhou3,PicSyn,7,0.4299,4.237,0.4299,4.237
367,阎,yan2,PicPho,11,0.0593,1.8815,0.0593,1.8815
368,育,yu4,PicSyn,7,1.7865,105.758,1.7865,105.758
369,默,mo4,PicPho,16,2.0163,134.6667,2.0163,134.6667
370,宋,song4,PicSyn,7,9.2365,26.5037,9.2365,26.5037
371,卷,juan4,PicPho,8,30.6004,83.8173,30.6004,83.8173
372,象,xiang4,Picto,12,73.8547,272.1877,924.1957,1145.2889
373,列,lie4,PicPho,6,16.7606,138.3704,16.7606,138.3704
374,潜,qian2,Other,15,1.5864,63.6691,1.5864,63.6691
375,琢,zuo2,PicPho,12,0.0371,6.316,0.0371,6.316
376,翱,ao2,PicPho,16,0.0741,1.0667,0.0741,1.0667
377,代,dai4,PicSyn,5,58.6064,428.4642,58.6064,428.4642
378,咂,za1,PicPho,8,0.2669,0.9037,0.2669,0.9037
379,道,dao4,PicSyn,12,100.1779,2396.7111,100.1779,2396.7111
380,审,shen3,PicPho,8,4.6256,52.2716,4.6256,52.2716
381,隋,sui2,Other,12,0.7413,3.6889,0.7413,3.6889
382,县,xian4,PicSyn,7,9.3032,47.1457,9.3032,47.1457
383,拇,mu3,PicPho,8,0.1483,6.7704,0.1483,6.7704
384,备,bei4,PicSyn,8,8.0133,416.8691,8.0133,416.8691
385,裔,yi4,PicPho,13,2.2387,4.884,2.2387,4.884
386,桨,jiang3,Other,10,0.8895,1.2346,0.8895,1.2346
387,烫,tang4,PicPho,10,25.3818,30.0198,25.3818,30.0198
388,蕴,yun4,PicPho,15,0.1112,3.679,0.1112,3.679
389,堡,bao3,PicPho,12,2.4018,38.5778,2.4018,38.5778
390,吞,tun1,PicPho,7,5.3002,23.0025,5.3002,23.0025
391,壳,qiao4,Other,7,12.9281,34.4099,12.9281,34.4099
392,趁,chen4,PicPho,12,28.9918,42.2815,28.9918,42.2815
393,黄,huang2,Picto,11,40.1186,244.7062,54.9444,295.8865
394,醉,zui4,PicSyn,15,137.3907,142.4346,137.3907,142.4346
395,饱,bao3,PicPho,8,47.8947,70.9679,47.8947,70.9679
396,岗,gang3,PicPho,7,1.3269,25.6938,1.3269,25.6938
397,万,wan4,Other,3,357.2128,576.3111,363.8622,846.163
398,嗲,dia3,PicPho,13,1.4455,8.3506,1.4455,8.3506
399,竭,jie2,PicPho,14,0.8006,10.084,0.8006,10.084
400,朝,zhao1,PicSyn,12,42.6686,95.5901,42.6686,95.5901
401,蓄,xu4,PicPho,13,1.4529,12.5086,1.4529,12.5086
402,途,tu2,PicPho,10,2.9726,87.037,2.9726,87.037
403,九,jiu3,Picto,2,72.765,168.0938,355.1892,1424.7306999999998
404,皆,jie1,PicSyn,9,33.8992,25.6247,33.8992,25.6247
405,嫌,xian2,PicPho,13,19.4811,46.6568,19.4811,46.6568
406,鉴,jian4,PicPho,13,1.0897,39.3728,1.0897,39.3728
407,螺,luo2,PicPho,17,0.1927,14.5136,0.1927,14.5136
408,胁,xie2,Other,8,0.1112,21.679,0.1112,21.679
409,鼠,shu3,Picto,13,8.169,67.437,8.8658,68.6271
410,只,zhi3,PicLog,5,1958.6212,2008.9679,1958.6212,2008.9679
411,邑,yi4,PicSyn,7,0.1186,1.1259,0.1186,1.1259
412,烩,hui4,PicPho,10,0.1927,2.3111,0.1927,2.3111
413,孩,hai2,PicPho,9,3.1875,758.1975,3.1875,758.1975
414,期,qi1,PicPho,12,104.7443,682.2765,104.7443,682.2765
415,璐,lu4,PicPho,17,0.2076,3.5407,0.2076,3.5407
416,旗,qi2,PicPho,14,5.5448,51.6593,5.5448,51.6593
417,透,tou4,PicPho,10,43.1208,99.1407,43.1208,99.1407
418,靴,xue1,PicPho,13,1.5345,38.3852,1.5345,38.3852
419,庞,pang2,PicPho,8,1.3491,13.2494,1.3491,13.2494
420,战,zhan4,PicPho,9,106.4196,721.5358,106.4196,721.5358
421,挠,nao2,PicPho,9,1.5122,6.5185,1.5122,6.5185
422,屑,xie4,PicPho,10,1.0675,10.3111,1.0675,10.3111
423,夜,ye4,Other,8,527.2424,1069.8815,527.2424,1069.8815
424,姚,yao2,PicPho,9,3.6546,13.0963,3.6546,13.0963
425,羞,xiu1,PicSyn,11,1.9051,32.0296,1.9051,32.0296
426,痨,lao2,PicPho,12,0.0445,0.8198,0.0445,0.8198
427,屹,yi4,PicPho,6,0.0148,1.4321,0.0148,1.4321
428,瘦,shou4,PicPho,15,63.2913,80.1679,63.2913,80.1679
429,办,ban4,Other,4,193.0096,385.7975,193.0096,385.7975
430,佳,jia1,PicSyn,8,100.0,143.8321,100.0,143.8321
431,织,zhi1,PicPho,8,36.4566,120.2123,36.4566,120.2123
432,扶,fu2,PicPho,7,4.3291,17.6247,4.3291,17.6247
433,丰,feng1,Picto,4,7.2572,117.4815,698.2281,1485.6047999999998
434,倍,bei4,PicPho,10,47.7094,56.9481,47.7094,56.9481
435,诉,su4,PicPho,7,1.6753,479.4716,1.6753,479.4716
436,蜕,tui4,PicPho,13,0.0815,5.4321,0.0815,5.4321
437,蔑,mie4,PicSyn,14,0.1112,4.5679,0.1112,4.5679
438,泼,po1,PicPho,8,5.7672,16.9877,5.7672,16.9877
439,咀,ju3,PicPho,8,0.126,3.8864,0.126,3.8864
440,璜,huang2,PicPho,16,0.1186,0.2963,0.1186,0.2963
441,毗,pi2,PicPho,9,0.0371,0.5284,0.0371,0.5284
442,呜,wu1,PicPho,7,5.619,51.2543,5.619,51.2543
443,统,tong3,PicPho,9,1.0156,183.0074,1.0156,183.0074
444,苦,ku3,PicPho,8,114.6479,367.7679,114.6479,367.7679
445,沥,li4,PicPho,7,0.0667,7.6642,0.0667,7.6642
446,颊,jia2,PicPho,12,1.2528,5.1951,1.2528,5.1951
447,您,nin2,PicPho,11,522.0163,358.5284,522.0163,358.5284
448,利,li4,PicSyn,7,37.0941,668.9926,37.0941,668.9926
449,惟,wei2,PicPho,11,2.7724,6.5037,2.7724,6.5037
450,摇,yao2,PicPho,13,27.6205,68.9531,27.6205,68.9531
451,猎,lie4,Other,11,2.4314,28.6272,2.4314,28.6272
452,儒,ru2,PicPho,16,0.6894,8.6864,0.6894,8.6864
453,放,fang4,PicPho,8,528.7843,1139.7531,528.7843,1139.7531
454,概,gai4,PicPho,13,1.3788,74.9827,1.3788,74.9827
455,荷,he2,PicPho,10,7.5686,36.1185,7.5686,36.1185
456,锹,qiao1,PicPho,14,0.0815,0.4642,0.0815,0.4642
457,到,dao4,PicPho,8,3228.8139,5288.1432,3228.8139,5288.1432
458,恙,yang4,PicPho,10,0.0519,2.5284,0.0519,2.5284
459,缴,zhuo2,PicPho,16,2.0385,9.0914,2.0385,9.0914
460,薄,bao2,PicPho,16,23.106,68.9531,23.106,68.9531
461,卸,xie4,PicSyn,8,5.4114,19.7136,5.4114,19.7136
462,奄,yan3,PicPho,8,0.0297,1.3037,0.0297,1.3037
463,涌,yong3,PicPho,10,3.5656,23.2741,3.5656,23.2741
464,巨,ju4,Picto,5,21.1638,144.1679,91.6087,400.4099
465,短,duan3,PicSyn,12,80.1112,294.3951,80.1112,294.3951
466,杵,chu3,PicPho,8,0.252,1.1951,0.252,1.1951
467,氏,shi4,Picto,4,10.9414,20.4593,473.8399,1574.1383999999998
468,梯,ti1,PicPho,11,1.1193,40.6222,1.1193,40.6222
469,龚,gong1,PicPho,11,0.6227,1.9062,0.6227,1.9062
470,习,xi2,PicSyn,3,1.9718,288.8148,146.96809999999996,928.3604
471,嗽,sou4,PicPho,14,0.0445,18.4593,0.0445,18.4593
472,呓,yi4,PicPho,7,0.0519,0.5975,0.0519,0.5975
473,废,fei4,PicPho,8,12.5204,57.7333,12.5204,57.7333
474,褐,he4,PicPho,14,0.3484,3.3432,0.3484,3.3432
475,度,du4,PicPho,9,172.1349,1239.8568,172.1349,1239.8568
476,肾,shen4,Other,8,14.255,16.9383,14.255,16.9383
477,国,guo2,PicSyn,8,860.8154,1661.2593,860.8154,1661.2593
478,弥,mi2,PicPho,8,2.1127,30.5975,2.1127,30.5975
479,穴,xue2,Picto,5,3.2024,11.7728,3.2024,11.7728
480,葬,zang4,PicSyn,12,1.0304,17.4864,1.0304,17.4864
481,隶,li4,Other,8,0.0667,8.163,0.0667,8.163
482,汽,qi4,PicPho,7,0.3558,73.2543,0.3558,73.2543
483,谏,jian4,PicPho,11,0.0593,0.2765,0.0593,0.2765
484,盯,ding1,PicPho,7,29.533,22.4444,29.533,22.4444
485,领,ling3,PicPho,11,40.808,408.5926,40.808,408.5926
486,冻,dong4,PicPho,7,57.361,122.8,57.361,122.8
487,雄,xiong2,PicPho,12,13.4989,192.9877,13.4989,192.9877
488,激,ji1,PicPho,16,2.2683,235.9012,2.2683,235.9012
489,诀,jue2,PicPho,6,0.0815,11.0173,0.0815,11.0173
490,撤,che4,Other,14,3.3136,18.0346,3.3136,18.0346
491,举,ju3,Other,9,23.8918,176.0296,23.8918,176.0296
492,槌,chui2,PicPho,14,0.4522,1.4222,0.4522,1.4222
493,礼,li3,PicSyn,5,104.2402,383.5556,104.2402,383.5556
494,才,cai2,Picto,3,1376.1082,1072.0691,12046.9534,10676.4888
495,腔,qiang1,PicSyn,12,3.3803,18.3309,3.3803,18.3309
496,系,xi4,PicSyn,7,353.8028,679.2346,353.8028,679.2346
497,怪,guai4,PicPho,8,101.4752,228.7951,101.4752,228.7951
498,眉,mei2,Picto,9,7.4796,36.9185,7.4796,36.9185
499,迦,jia1,PicPho,8,0.3781,3.921,0.3781,3.921
500,棕,zong1,PicPho,12,0.8895,9.9901,0.8895,9.9901
501,刷,shua1,Other,8,9.4663,149.0963,9.4663,149.0963
502,罄,qing4,PicPho,17,0.0593,0.8247,0.0593,0.8247
503,嚣,xiao1,PicSyn,18,0.2001,24.5284,0.2001,24.5284
504,显,xian3,PicPho,9,16.805,172.1481,16.805,172.1481
505,的,de5,PicPho,8,46943.4618,32392.158,46943.4618,32392.158
506,罐,guan4,PicPho,24,13.6323,22.163,13.6323,22.163
507,换,huan4,PicPho,10,296.8421,348.558,296.8421,348.558
508,独,du2,Other,9,10.4299,199.9062,10.4299,199.9062
509,娴,xian2,PicPho,10,0.0667,5.0716,0.0667,5.0716
510,灭,mie4,Other,5,52.209,84.0444,52.209,84.0444
511,凭,ping2,PicSyn,8,51.3417,46.0691,51.3417,46.0691
512,钓,diao4,PicPho,8,13.0393,15.5111,13.0393,15.5111
513,弟,di4,Picto,7,15.3892,268.5284,15.3892,268.5284
514,脑,nao3,PicPho,10,46.9904,327.8074,46.9904,327.8074
515,彩,cai3,PicPho,11,3.9807,443.0321,3.9807,443.0321
516,烙,lao4,PicPho,10,0.3039,4.884,0.3039,4.884
517,蛊,gu3,PicSyn,11,0.2076,3.3679,0.2076,3.3679
518,呦,you1,PicPho,8,5.4337,22.8148,5.4337,22.8148
519,淫,yin2,Other,11,7.2795,16.8593,7.2795,16.8593
520,脖,bo2,PicPho,11,0.2001,62.5926,0.2001,62.5926
521,稀,xi1,PicPho,12,4.47,39.1309,4.47,39.1309
522,怡,yi2,PicPho,8,0.5041,12.2617,0.5041,12.2617
523,汗,han4,PicPho,6,25.1223,54.6321,25.1223,54.6321
524,拒,ju4,PicPho,8,8.9474,63.3037,8.9474,63.3037
525,柬,jian3,PicSyn,9,0.1557,2.7309,0.2817,6.0543
526,斡,wo4,PicPho,14,0.1112,0.1975,0.1112,0.1975
527,齐,qi2,Other,6,21.06,72.1531,79.4959,232.5037
528,峙,zhi4,PicPho,9,0.0297,1.3037,0.0297,1.3037
529,咪,mi1,PicPho,9,11.0526,58.8741,11.0526,58.8741
530,刀,dao1,Picto,2,67.2572,138.0691,1785.4485000000002,8056.7603
531,搂,lou3,PicPho,12,6.805,5.9654,6.805,5.9654
532,逸,yi4,PicSyn,11,0.341,20.9531,0.341,20.9531
533,驯,xun4,PicPho,6,1.3714,5.116,1.3714,5.116
534,莲,lian2,PicPho,10,3.2246,28.9728,3.2246,28.9728
535,雁,yan4,PicPho,12,0.1557,4.8642,0.1557,4.8642
536,驴,lv2,PicPho,7,9.7183,14.7358,9.7183,14.7358
537,丸,wan2,PicLog,3,1.7346,31.4568,1.7346,31.4568
538,妹,mei4,PicPho,8,17.828,359.2296,17.828,359.2296
539,首,shou3,Picto,9,235.9822,322.8296,235.9822,322.8296
540,泾,jing1,Other,8,0.0148,0.879,0.0148,0.879
541,咨,zi1,PicPho,9,0.0371,10.7951,0.0371,10.7951
542,啥,sha2,PicPho,11,46.3529,163.6444,46.3529,163.6444
543,厨,chu2,PicPho,12,4.3588,55.0272,4.3588,55.0272
544,本,ben3,PicLog,5,314.4403,868.2963,314.4403,868.2963
545,樘,tang2,PicPho,15,0.0148,0.0148,0.0148,0.0148
546,沏,qi1,PicPho,7,0.1779,0.8099,0.1779,0.8099
547,莫,mo4,PicSyn,10,29.2884,135.4074,29.2884,135.4074
548,密,mi4,PicPho,11,9.1994,244.2469,9.1994,244.2469
549,宠,chong3,PicPho,8,1.4678,39.9309,1.4678,39.9309
550,剔,ti1,PicPho,10,0.3188,8.7753,0.3188,8.7753
551,写,xie4,Other,5,523.8769,485.8963,523.8769,485.8963
552,毕,bi4,PicPho,6,2.1572,90.0049,2.1572,90.0049
553,父,fu4,Picto,4,18.6879,270.4889,523.4544999999999,2168.8741
554,祷,dao3,PicPho,11,0.2001,34.158,0.2001,34.158
555,驹,ju1,PicPho,8,0.1112,3.2395,0.1112,3.2395
556,绣,xiu4,PicPho,10,0.7932,9.8272,0.7932,9.8272
557,零,ling2,PicPho,13,25.9377,96.6272,25.9377,96.6272
558,层,ceng2,Other,7,59.3328,86.7062,59.3328,86.7062
559,绮,qi3,PicPho,11,0.1038,2.484,0.1038,2.484
560,霓,ni2,Other,16,0.1631,3.4617,0.1631,3.4617
561,绚,xuan4,PicPho,9,0.0667,8.2469,0.0667,8.2469
562,喉,hou2,PicPho,12,1.3269,51.5111,1.3269,51.5111
563,拘,ju1,PicPho,8,0.1631,10.242,0.1631,10.242
564,柏,bai3,PicPho,9,1.8532,22.3704,1.8532,22.3704
565,贡,gong4,PicPho,7,0.6153,14.3111,0.6153,14.3111
566,妾,qie4,PicSyn,8,0.4744,1.9951,0.4744,1.9951
567,吕,lv3,Picto,6,1.9718,48.8444,1.9718,48.8444
568,渐,jian4,PicPho,11,17.5612,49.684,17.5612,49.684
569,渡,du4,PicPho,12,4.6108,23.2889,4.6108,23.2889
570,束,shu4,PicSyn,7,8.0949,162.721,8.0949,162.721
571,秋,qiu1,Picto,9,41.6457,114.4395,41.6457,114.4395
572,失,shi1,Other,5,18.8658,654.0148,18.8658,654.0148
573,秘,mi4,PicPho,10,3.0245,230.884,3.0245,230.884
574,姓,xing4,PicSyn,8,28.3914,52.0593,28.3914,52.0593
575,恤,xu4,PicPho,9,16.7902,12.8889,16.7902,12.8889
576,撬,qiao4,PicPho,15,2.0089,2.9235,2.0089,2.9235
577,啊,a5,PicPho,11,4215.2187,3242.1679,4215.2187,3242.1679
578,早,zao3,PicSyn,6,431.3862,1144.4889,431.3862,1144.4889
579,罗,luo2,PicSyn,8,30.5411,227.8173,30.5411,227.8173
580,木,mu4,Picto,4,613.662,541.6395,23880.9112,51406.7366
581,恬,tian2,Other,9,0.126,3.5457,0.126,3.5457
582,仪,yi2,PicPho,5,2.4907,42.3951,2.4907,42.3951
583,免,mian3,PicSyn,7,23.017,204.7407,302.8465,2012.1382
584,羁,ji1,PicSyn,17,0.2595,4.1136,0.2595,4.1136
585,灶,zao4,PicSyn,7,4.6627,8.5728,4.6627,8.5728
586,力,li4,Picto,2,96.9162,1358.479,4454.7666,15708.0695
587,清,qing1,PicPho,11,75.493,578.7605,75.493,578.7605
588,味,wei4,PicPho,8,41.7198,394.3062,41.7198,394.3062
589,佘,she2,Other,7,0.089,1.1704,0.089,1.1704
590,碴,cha2,PicPho,14,0.126,0.5185,0.126,0.5185
591,粕,po4,PicPho,11,0.0593,0.4198,0.0593,0.4198
592,板,ban3,PicPho,8,17.2646,194.2815,17.2646,194.2815
593,汁,zhi1,PicPho,5,4.596,62.3852,4.596,62.3852
594,病,bing4,PicPho,10,93.8992,287.3926,93.8992,287.3926
595,献,xian4,PicSyn,13,5.9303,57.2296,5.9303,57.2296
596,筑,zhu4,Other,12,4.9073,33.7136,4.9073,33.7136
597,仗,zhang4,PicPho,5,13.2987,25.5012,13.2987,25.5012
598,奢,she1,PicPho,11,0.3781,35.916,0.3781,35.916
599,懒,lan3,PicPho,16,59.2365,92.2469,59.2365,92.2469
600,船,chuan2,PicPho,11,81.8384,153.1556,81.8384,153.1556
601,贬,bian3,PicPho,8,0.7561,5.2938,0.7561,5.2938
602,岳,yue4,PicSyn,8,0.3855,12.9086,0.3855,12.9086
603,鸾,luan2,Other,11,0.0445,1.2691,0.0445,1.2691
604,藜,li2,PicPho,18,0.0222,0.484,0.0222,0.484
605,吃,chi1,PicPho,6,1638.9844,1526.8444,1638.9844,1526.8444
606,顺,shun4,PicSyn,9,32.3573,260.5531,32.3573,260.5531
607,楚,chu3,PicPho,13,1.6383,115.9901,1.6383,115.9901
608,揪,jiu1,PicPho,12,1.4603,8.1284,1.4603,8.1284
609,颁,ban1,PicPho,10,1.2602,23.2444,1.2602,23.2444
610,遁,dun4,PicPho,12,0.2298,1.5704,0.2298,1.5704
611,坐,zuo4,PicSyn,7,351.8162,332.4494,351.8162,332.4494
612,嗓,sang3,PicPho,13,0.0667,28.316,0.0667,28.316
613,互,hu4,Picto,4,19.8295,149.6889,19.8295,149.6889
614,蛀,zhu4,PicPho,11,0.2817,1.6741,0.2817,1.6741
615,弯,wan1,Other,9,17.9763,33.8272,17.9763,33.8272
616,腿,tui3,PicPho,14,79.7183,130.3654,79.7183,130.3654
617,拆,chai1,PicPho,8,20.5782,38.7704,20.5782,38.7704
618,菁,jing1,PicPho,11,0.0815,1.3432,0.0815,1.3432
619,厅,ting1,PicPho,4,11.2898,91.3926,11.2898,91.3926
620,故,gu4,PicPho,9,13.4248,292.5778,13.4248,292.5778
621,敌,di2,Other,10,7.917,93.0716,7.917,93.0716
622,招,zhao1,PicPho,8,40.8154,127.6889,40.8154,127.6889
623,乳,ru3,PicSyn,8,3.017,47.9358,3.017,47.9358
624,旱,han4,PicPho,7,5.1075,6.1136,5.1075,6.1136
625,蟾,chan2,PicPho,19,0.6449,0.9926,0.6449,0.9926
626,喂,wei4,PicPho,12,123.7213,99.7679,123.7213,99.7679
627,赔,pei2,PicPho,12,9.2142,14.8494,9.2142,14.8494
628,喧,xuan1,PicPho,12,0.0667,18.8148,0.0667,18.8148
629,线,xian4,PicPho,8,109.3996,320.3901,109.3996,320.3901
630,俚,li3,PicPho,9,0.0519,0.5284,0.0519,0.5284
631,这,zhe4,PicSyn,7,5087.2795,7190.5037,5087.2795,7190.5037
632,惦,dian4,PicPho,11,0.0519,14.242,0.0519,14.242
633,孬,nao1,PicSyn,10,0.126,1.2494,0.126,1.2494
634,椒,jiao1,PicPho,12,0.1705,42.1086,0.1705,42.1086
635,钳,qian2,PicPho,10,0.9489,2.4395,0.9489,2.4395
636,值,zhi2,PicPho,10,52.6242,296.079,52.6242,296.079
637,绍,shao4,PicPho,8,0.1186,86.2716,0.1186,86.2716
638,追,zhui1,PicPho,9,89.5849,204.3753,89.5849,204.3753
639,伊,yi1,PicSyn,6,21.9199,101.7926,21.9199,101.7926
640,廉,lian2,PicPho,13,0.1853,19.2889,0.1853,19.2889
641,琵,pi2,PicPho,12,0.1705,1.442,0.1705,1.442
642,讨,tao3,PicSyn,5,10.7635,209.6642,10.7635,209.6642
643,伦,lun2,PicPho,6,4.0771,101.0123,4.0771,101.0123
644,腮,sai1,PicPho,13,1.6753,5.2296,1.6753,5.2296
645,悯,min3,PicPho,10,0.2669,5.2494,0.2669,5.2494
646,肩,jian1,Picto,8,8.5545,88.1185,8.5545,88.1185
647,示,shi4,PicSyn,5,4.7813,194.8198,4.7813,194.8198
648,肮,ang1,PicPho,8,0.0297,6.3012,0.0297,6.3012
649,澄,cheng2,PicPho,15,0.0593,5.7975,0.0593,5.7975
650,砸,za2,PicPho,10,62.4388,51.2642,62.4388,51.2642
651,埋,mai2,PicPho,10,39.9036,65.2889,39.9036,65.2889
652,莴,wo1,PicPho,10,0.0222,1.5407,0.0222,1.5407
653,森,sen1,PicSyn,12,11.4603,87.1802,11.4603,87.1802
654,屏,ping2,PicPho,9,1.275,154.9877,1.275,154.9877
655,规,gui1,PicSyn,8,0.808,120.0444,0.808,120.0444
656,肱,gong1,PicPho,8,0.089,0.2025,0.089,0.2025
657,粪,fen4,PicSyn,12,2.298,7.2395,2.298,7.2395
658,缩,suo1,PicPho,14,4.0178,35.7383,4.0178,35.7383
659,置,zhi4,PicPho,13,6.6271,224.6025,6.6271,224.6025
660,唱,chang4,PicPho,11,176.2268,285.9358,176.2268,285.9358
661,硼,peng2,PicPho,13,0.0371,0.3309,0.0371,0.3309
662,肢,zhi1,PicPho,8,3.8399,8.5531,3.8399,8.5531
663,犯,fan4,PicPho,5,59.5923,158.4346,59.5923,158.4346
664,芯,xin4,PicPho,7,0.5782,9.6988,0.5782,9.6988
665,脆,cui4,PicPho,10,6.3677,44.7358,6.3677,44.7358
666,诺,nuo4,PicPho,10,10.4151,112.0296,10.4151,112.0296
667,殊,shu1,PicPho,10,2.9281,24.8148,2.9281,24.8148
668,碘,dian3,PicPho,13,0.252,0.8889,0.252,0.8889
669,柜,gui4,Other,9,4.5738,59.1012,4.5738,59.1012
670,镶,xiang1,PicPho,22,0.7116,3.8025,0.7116,3.8025
671,飙,biao1,PicSyn,16,6.4789,12.6469,6.4789,12.6469
672,硕,shuo4,PicPho,11,0.3336,10.163,0.3336,10.163
673,兆,zhao4,Picto,6,1.4678,20.8593,218.8288,693.9160999999999
674,事,shi4,PicPho,8,1454.1364,2513.6148,1454.1364,2513.6148
675,呐,na4,PicSyn,7,17.4351,56.9531,17.4351,56.9531
676,泛,fan4,PicPho,8,1.5048,17.0864,1.5048,17.0864
677,铃,ling2,PicPho,10,5.063,26.4198,5.063,26.4198
678,绝,jue2,PicSyn,9,91.6308,316.5778,91.6308,316.5778
679,幂,mi4,PicPho,12,0.2001,33.9802,0.2001,33.9802
680,轩,xuan1,PicPho,7,0.5782,20.8198,0.5782,20.8198
681,草,cao3,PicPho,9,44.1883,187.3975,44.1883,187.3975
682,朱,zhu1,PicLog,6,4.9666,35.1605,4.9666,35.1605
683,夷,yi2,PicSyn,6,0.9859,11.2444,0.9859,11.2444
684,蜡,la4,Other,14,1.3714,17.8568,1.3714,17.8568
685,牠,ta1,Other,7,0.3484,0.8494,0.3484,0.8494
686,掰,bai1,PicSyn,12,1.2157,11.4716,1.2157,11.4716
687,椎,zhui1,PicPho,12,0.1705,8.237,0.1705,8.237
688,弦,xian2,PicPho,8,1.6308,11.0864,1.6308,11.0864
689,勃,bo2,PicPho,9,2.4685,16.7259,2.4685,16.7259
690,讯,xun4,PicPho,5,7.576,60.8444,7.576,60.8444
691,题,ti2,PicPho,15,29.9481,729.363,29.9481,729.363
692,邬,wu1,PicPho,6,0.0371,0.4049,0.0371,0.4049
693,俗,su2,PicPho,9,7.954,49.8716,7.954,49.8716
694,舞,wu3,PicPho,14,80.8599,270.5975,80.8599,270.5975
695,骂,ma4,PicPho,9,86.0712,80.7358,86.0712,80.7358
696,冰,bing1,PicSyn,6,48.3692,184.1975,48.3692,184.1975
697,睿,rui4,PicSyn,14,0.0964,7.7136,0.0964,7.7136
698,至,zhi4,PicSyn,6,150.4967,537.9951,150.4967,537.9951
699,侬,nong2,PicPho,8,1.2973,4.4296,1.2973,4.4296
700,享,xiang3,PicSyn,8,43.4025,1306.0247,43.4025,1306.0247
701,擎,qing2,PicPho,17,0.0964,7.6444,0.0964,7.6444
702,斑,ban1,Other,12,4.0919,26.3753,4.0919,26.3753
703,聘,pin4,PicPho,13,1.5567,14.5284,1.5567,14.5284
704,搁,ge1,PicPho,12,3.7064,7.4222,3.7064,7.4222
705,鼎,ding3,Picto,13,2.6761,44.6963,2.6761,44.6963
706,笺,jian1,PicPho,11,0.126,0.7605,0.126,0.7605
707,沼,zhao3,PicPho,8,0.682,3.5012,0.682,3.5012
708,鸦,ya1,PicPho,9,0.1112,11.6148,0.1112,11.6148
709,训,xun4,PicPho,5,7.5834,164.642,7.5834,164.642
710,务,wu4,PicPho,5,0.8747,361.8025,0.8747,361.8025
711,该,gai1,PicPho,8,652.046,850.7012,652.046,850.7012
712,貌,mao4,PicPho,14,2.2758,74.8691,2.2758,74.8691
713,隙,xi4,PicSyn,14,0.2298,4.9235,0.2298,4.9235
714,孰,shu2,PicSyn,11,15.7746,10.963,15.7746,10.963
715,蒙,meng2,PicPho,13,16.4937,65.7185,16.4937,65.7185
716,及,ji2,PicSyn,4,151.8087,234.6519,151.8087,234.6519
717,蚁,yi3,PicPho,9,0.8525,8.2914,0.8525,8.2914
718,叹,tan4,Other,5,7.1312,38.158,7.1312,38.158
719,熙,xi1,PicPho,14,0.4893,22.5975,0.4893,22.5975
720,释,shi4,Other,12,1.0378,111.8321,1.0378,111.8321
721,狒,fei4,PicPho,8,0.0222,1.2099,0.0222,1.2099
722,祯,zhen1,PicPho,10,0.0297,0.3407,0.0297,0.3407
723,跌,die1,PicPho,12,18.043,40.3951,18.043,40.3951
724,双,shuang1,PicSyn,4,350.8673,353.6099,350.8673,353.6099
725,函,han2,Picto,8,0.3558,5.2,0.6894,26.1383
726,叭,ba1,PicPho,5,0.4967,7.4321,0.4967,7.4321
727,终,zhong1,PicPho,8,18.636,677.5012,18.636,677.5012
728,坤,kun1,PicPho,8,0.2076,16.1827,0.2076,16.1827
729,粹,cui4,PicPho,14,0.0519,14.4543,0.0519,14.4543
730,占,zhan4,PicSyn,5,33.788,54.3901,33.788,54.3901
731,搭,da1,PicPho,13,51.6086,117.921,51.6086,117.921
732,陈,chen2,Other,7,24.344,122.2173,24.344,122.2173
733,菲,fei1,PicPho,11,9.8592,73.4321,9.8592,73.4321
734,饶,rao2,PicPho,9,3.2394,12.3556,3.2394,12.3556
735,痧,sha1,PicPho,12,0.0148,0.8099,0.0148,0.8099
736,抚,fu3,PicPho,7,0.3929,18.9975,0.3929,18.9975
737,棺,guan1,PicPho,12,0.252,5.2988,0.252,5.2988
738,愚,yu2,PicPho,13,0.3706,30.8938,0.3706,30.8938
739,涯,ya2,PicPho,11,0.126,38.2963,0.126,38.2963
740,稍,shao1,PicPho,12,19.6812,39.1407,19.6812,39.1407
741,衩,cha4,PicPho,8,0.0297,1.684,0.0297,1.684
742,蔗,zhe4,PicPho,14,0.0222,2.9679,0.0222,2.9679
743,边,bian1,Other,5,255.7895,817.1309,255.7895,817.1309
744,汉,han4,Other,5,19.192,108.9235,19.192,108.9235
745,莎,sha1,PicPho,10,4.5219,74.0889,4.5219,74.0889
746,施,shi1,PicPho,9,5.5226,60.4938,5.5226,60.4938
747,羹,geng1,PicSyn,19,3.8176,4.8198,3.8176,4.8198
748,糠,kang1,PicPho,17,0.1186,0.8296,0.1186,0.8296
749,弹,tan2,PicPho,11,36.1898,138.6173,36.1898,138.6173
750,简,jian3,PicPho,13,6.1898,249.8173,6.1898,249.8173
751,喊,han3,PicPho,12,67.0941,68.3605,67.0941,68.3605
752,役,yi4,PicSyn,7,0.9933,10.4494,0.9933,10.4494
753,壹,yi1,Other,12,0.4596,8.4938,0.4596,8.4938
754,囧,jiong3,Other,7,7.109,23.6049,7.109,23.6049
755,歼,jian1,PicPho,7,0.3855,11.1556,0.3855,11.1556
756,笑,xiao4,PicPho,10,444.8851,755.9753,444.8851,755.9753
757,常,chang2,PicPho,11,113.5656,665.842,113.5656,665.842
758,邪,ye2,PicPho,7,1.8458,46.2519,1.8458,46.2519
759,调,tiao2,PicPho,10,25.3002,284.5481,25.3002,284.5481
760,痂,jia1,PicPho,10,0.0593,0.6815,0.0593,0.6815
761,企,qi3,PicSyn,6,35.6783,105.121,35.6783,105.121
762,配,pei4,PicPho,10,57.7613,200.5975,57.7613,200.5975
763,京,jing1,Picto,8,10.8451,230.6469,10.8451,230.6469
764,听,ting1,PicPho,7,823.9659,929.1309,823.9659,929.1309
765,揽,lan3,PicPho,12,4.3291,5.0963,4.3291,5.0963
766,铎,duo2,Other,10,0.1779,0.9827,0.1779,0.9827
767,觅,mi4,PicSyn,8,1.8606,10.8889,1.8606,10.8889
768,唤,huan4,PicPho,10,1.5789,145.0617,1.5789,145.0617
769,唾,tuo4,PicPho,11,0.3039,4.1975,0.3039,4.1975
770,尺,chi3,PicLog,4,9.3254,45.758,9.3254,45.758
771,操,cao1,PicPho,16,64.8851,127.7827,64.8851,127.7827
772,湄,mei2,PicPho,12,0.0222,0.7654,0.0222,0.7654
773,汇,hui4,Other,5,15.4485,56.5284,15.4485,56.5284
774,倏,shu1,PicPho,11,0.0222,0.242,0.0222,0.242
775,挡,dang3,PicPho,9,62.6464,64.5284,62.6464,64.5284
776,爪,zhua3,Picto,4,6.9904,16.1827,233.4249,430.1927
777,段,duan4,Other,9,215.5078,221.6247,215.5078,221.6247
778,拷,kao3,PicPho,9,1.0452,4.9778,1.0452,4.9778
779,眠,mian2,PicPho,10,1.9644,208.8593,1.9644,208.8593
780,谙,an1,PicPho,11,0.5263,0.7309,0.5263,0.7309
781,鞋,xie2,PicPho,15,72.7279,185.6741,72.7279,185.6741
782,荻,di2,PicPho,10,0.0371,0.3901,0.0371,0.3901
783,删,shan1,PicSyn,7,5.6857,42.8346,5.6857,42.8346
784,疚,jiu4,PicPho,8,0.0148,12.0593,0.0148,12.0593
785,午,wu3,Picto,4,1.275,368.884,1.275,368.884
786,卿,qing1,PicSyn,10,0.1705,9.6889,0.1705,9.6889
787,淇,qi2,PicPho,11,0.0815,11.7926,0.0815,11.7926
788,濒,bin1,PicPho,16,0.1779,2.0148,0.1779,2.0148
789,匹,pi3,PicSyn,4,14.129,17.8963,14.129,17.8963
790,黛,dai4,PicPho,17,2.1127,20.6667,2.1127,20.6667
791,累,lei4,Other,11,343.1208,313.4765,343.1208,313.4765
792,怨,yuan4,PicPho,9,2.172,66.9679,2.172,66.9679
793,蔓,man4,PicPho,14,0.6301,6.6469,0.6301,6.6469
794,喽,lou2,PicPho,12,11.2602,77.6494,11.2602,77.6494
795,豚,tun2,PicPho,11,0.1557,5.6049,0.1557,5.6049
796,梨,li2,PicPho,11,2.1349,29.7877,2.1349,29.7877
797,爆,bao4,PicPho,19,46.3454,254.5333,46.3454,254.5333
798,循,xun2,PicPho,12,1.49,24.1975,1.49,24.1975
799,迫,po4,PicPho,8,5.404,54.8099,5.404,54.8099
800,咒,zhou4,PicSyn,8,2.9429,24.479,2.9429,24.479
801,邮,you2,PicPho,7,2.2609,66.7951,2.2609,66.7951
802,不,bu4,Picto,4,18099.3106,15110.2864,22786.2122,19835.2098
803,亘,gen4,PicSyn,6,0.0741,0.9185,0.0741,0.9185
804,三,san1,PicLog,3,1836.0044,1715.037,1836.0044,1715.037
805,侠,xia2,PicPho,8,8.1838,69.2444,8.1838,69.2444
806,棍,gun4,PicPho,12,1.9125,22.7506,1.9125,22.7506
807,耸,song3,PicPho,10,0.3262,3.1753,0.3262,3.1753
808,咖,ka1,PicPho,8,1.2973,375.6444,1.2973,375.6444
809,痞,pi3,PicPho,12,0.3188,3.7531,0.3188,3.7531
810,砌,qi4,PicPho,9,0.3262,1.8222,0.3262,1.8222
811,嫖,piao2,PicPho,14,0.3855,2.4247,0.3855,2.4247
812,瑜,yu2,PicPho,13,2.0015,28.2914,2.0015,28.2914
813,笋,sun3,Other,10,0.0964,6.5185,0.0964,6.5185
814,傻,sha3,PicPho,13,138.8213,205.679,138.8213,205.679
815,偎,wei1,PicPho,11,0.0741,2.8741,0.0741,2.8741
816,熨,yun4,PicPho,15,0.7709,2.316,0.7709,2.316
817,血,xue4,PicLog,6,144.9073,303.7531,144.9073,303.7531
818,贰,er4,PicSyn,9,0.0815,1.037,0.0815,1.037
819,橙,cheng2,PicPho,16,2.1794,28.2864,2.1794,28.2864
820,戳,chuo1,PicPho,18,4.6627,16.9975,4.6627,16.9975
821,蒜,suan4,PicPho,13,9.7405,22.6963,9.7405,22.6963
822,瞿,qu2,PicSyn,18,0.0297,0.6864,0.0297,0.6864
823,兮,xi1,PicSyn,4,4.47,11.2247,4.47,11.2247
824,浪,lang4,PicPho,10,80.2595,583.6741,80.2595,583.6741
825,吊,diao4,Picto,6,15.6338,29.6099,15.6338,29.6099
826,算,suan4,PicSyn,14,298.2209,510.2074,298.2209,510.2074
827,胡,hu2,PicPho,9,17.6056,115.3037,17.6056,115.3037
828,总,zong3,PicPho,9,379.9185,655.1407,379.9185,655.1407
829,逮,dai3,PicPho,11,9.0882,19.842,9.0882,19.842
830,漕,cao2,PicPho,14,0.0148,0.5531,0.0148,0.5531
831,糕,gao1,PicPho,16,1.1712,122.0444,1.1712,122.0444
832,仟,qian1,PicPho,5,0.0741,0.5975,0.0741,0.5975
833,金,jin1,PicSyn,8,94.4107,738.9778,95.5004,778.3506
834,肆,si4,PicPho,13,0.0667,13.2049,0.0667,13.2049
835,醮,jiao4,PicPho,19,0.0148,0.1728,0.0148,0.1728
836,孙,sun1,PicSyn,6,7.4426,46.6617,7.4426,46.6617
837,棉,mian2,PicSyn,12,15.5893,46.0049,15.5893,46.0049
838,翌,yi4,PicPho,11,0.0964,0.6272,0.0964,0.6272
839,等,deng3,PicSyn,12,1151.3714,1261.6889,1151.3714,1261.6889
840,窦,dou4,PicPho,13,0.4818,3.3086,0.4818,3.3086
841,粘,zhan1,PicPho,11,6.086,19.8815,6.086,19.8815
842,槐,huai2,PicPho,14,0.0593,1.5407,0.0593,1.5407
843,抛,pao1,PicPho,7,14.2179,40.1679,14.2179,40.1679
844,笔,bi3,PicSyn,10,58.9918,133.9556,58.9918,133.9556
845,料,liao4,PicSyn,10,17.2128,191.6,17.2128,191.6
846,杜,du4,PicPho,7,6.1379,32.4988,6.1379,32.4988
847,创,chuang4,PicPho,6,25.9229,174.2914,25.9229,174.2914
848,姑,gu1,PicPho,8,6.464,107.9605,6.464,107.9605
849,温,wen1,PicPho,12,9.3996,323.9556,9.3996,323.9556
850,言,yan2,PicLog,7,60.3484,373.5309,860.4967,2264.6371
851,抻,chen1,PicPho,8,0.1038,0.3556,0.1038,0.3556
852,艰,jian1,PicPho,8,0.0741,43.0617,0.0741,43.0617
853,哩,li5,PicPho,10,5.404,21.8074,5.404,21.8074
854,噜,lu1,PicPho,16,0.6968,16.9086,0.6968,16.9086
855,柿,shi4,PicPho,9,0.0964,14.1728,0.0964,14.1728
856,洋,yang2,PicPho,9,13.3432,102.4642,13.3432,102.4642
857,毙,bi4,PicPho,10,5.7376,8.9185,5.7376,8.9185
858,掉,diao4,PicPho,11,206.7309,321.9654,206.7309,321.9654
859,裁,cai2,Other,12,0.9118,31.8173,0.9118,31.8173
860,虾,xia1,PicPho,9,25.0111,56.4938,25.0111,56.4938
861,槛,kan3,PicPho,14,0.6597,1.9605,0.6597,1.9605
862,谗,chan2,Other,11,0.0445,0.5235,0.0445,0.5235
863,上,shang4,PicLog,3,2923.6323,4716.721,5405.3595000000005,7027.9457
864,谱,pu3,PicPho,14,24.7961,43.2247,24.7961,43.2247
865,歪,wai1,PicSyn,9,11.4752,19.3531,11.4752,19.3531
866,暴,bao4,PicSyn,15,14.2921,104.6074,14.2921,104.6074
867,焰,yan4,PicPho,12,5.6412,15.1704,5.6412,15.1704
868,悉,xi1,PicSyn,11,0.5708,49.2049,0.5708,49.2049
869,眼,yan3,PicPho,11,222.2461,722.3506,222.2461,722.3506
870,粒,li4,PicPho,11,20.5189,29.9309,20.5189,29.9309
871,涉,she4,PicSyn,10,0.9785,21.8272,0.9785,21.8272
872,兀,wu4,PicSyn,3,0.2446,1.1802,0.2446,1.1802
873,燮,xie4,PicSyn,17,0.0297,1.1704,0.0297,1.1704
874,茉,mo4,PicPho,8,0.5634,3.9852,0.5634,3.9852
875,卡,ka3,PicSyn,5,69.4885,331.8074,69.4885,331.8074
876,胎,tai1,PicPho,9,8.043,46.2123,8.043,46.2123
877,析,xi1,PicPho,8,0.7487,58.2568,0.7487,58.2568
878,谨,jin3,PicPho,13,6.894,21.4864,6.894,21.4864
879,信,xin4,PicSyn,9,747.0423,1449.4864,747.0423,1449.4864
880,饭,fan4,PicPho,7,129.8666,529.758,129.8666,529.758
881,瞒,man2,PicPho,15,5.0185,14.1185,5.0185,14.1185
882,餐,can1,PicPho,16,44.8406,301.4025,44.8406,301.4025
883,慰,wei4,PicPho,15,1.1861,56.6963,1.1861,56.6963
884,嗳,ai4,PicPho,13,0.4448,1.0765,0.4448,1.0765
885,卦,gua4,PicPho,8,0.3262,15.0765,0.3262,15.0765
886,楔,xie1,PicPho,13,0.1631,0.4543,0.1631,0.4543
887,恋,lian4,Other,10,9.2439,473.4074,9.2439,473.4074
888,睬,cai3,PicPho,13,0.3188,2.7852,0.3188,2.7852
889,濑,lai4,PicPho,16,0.7561,1.4716,0.7561,1.4716
890,抬,tai2,PicPho,8,8.043,31.9407,8.043,31.9407
891,腹,fu4,PicPho,13,8.0133,35.3975,8.0133,35.3975
892,惠,hui4,PicSyn,12,1.149,69.037,1.149,69.037
893,真,zhen1,PicSyn,10,1918.7843,2691.684,1918.7843,2691.684
894,泳,yong3,PicPho,8,1.1045,30.0642,1.1045,30.0642
895,热,re4,Other,10,149.1475,445.7235,149.1475,445.7235
896,骥,ji4,PicPho,19,0.0445,0.4,0.0445,0.4
897,掏,tao1,PicPho,11,11.4233,17.5753,11.4233,17.5753
898,有,you3,PicSyn,6,8864.4107,9599.9556,8864.4107,9599.9556
899,讳,hui4,PicPho,6,0.0371,2.1728,0.0371,2.1728
900,蜷,quan2,PicPho,14,0.2224,2.7506,0.2224,2.7506
901,韧,ren4,PicPho,7,0.3484,7.6296,0.3484,7.6296
902,抡,lun1,PicPho,7,0.2965,0.7259,0.2965,0.7259
903,脱,tuo1,PicPho,11,33.7213,121.9062,33.7213,121.9062
904,瀑,pu4,PicPho,18,0.1112,12.4346,0.1112,12.4346
905,摘,zhai1,Other,14,20.6672,36.4642,20.6672,36.4642
906,离,li2,PicPho,11,138.8065,498.3852,138.8065,498.3852
907,啃,ken3,PicPho,11,13.7361,12.6173,13.7361,12.6173
908,易,yi4,Picto,8,88.2357,485.6741,88.2357,485.6741
909,妒,du4,PicPho,7,1.3491,32.5185,1.3491,32.5185
910,狸,li2,PicPho,10,0.0741,17.5358,0.0741,17.5358
911,宰,zai3,PicSyn,10,5.4188,21.7679,5.4188,21.7679
912,忒,te4,PicPho,7,10.9266,9.0519,10.9266,9.0519
913,族,zu2,PicSyn,11,12.7279,114.237,12.7279,114.237
914,穷,qiong2,Other,7,39.8962,57.3383,39.8962,57.3383
915,魂,hun2,PicPho,14,2.5574,121.2691,2.5574,121.2691
916,瞪,deng4,PicPho,17,4.9741,6.9136,4.9741,6.9136
917,汀,ting1,PicPho,5,0.6004,7.2346,0.6004,7.2346
918,榄,lan3,PicPho,13,0.1112,12.5432,0.1112,12.5432
919,谭,tan2,PicPho,14,1.3269,8.0049,1.3269,8.0049
920,缄,jian1,PicPho,12,0.1483,0.8198,0.1483,0.8198
921,昨,zuo2,PicPho,9,9.0882,355.1951,9.0882,355.1951
922,噬,shi4,PicPho,16,0.2298,4.8148,0.2298,4.8148
923,孤,gu1,PicPho,8,8.2654,128.8938,8.2654,128.8938
924,瑶,yao2,PicPho,14,0.2372,25.9951,0.2372,25.9951
925,漆,qi1,PicPho,14,1.9792,13.6494,1.9792,13.6494
926,颓,tui2,PicSyn,13,1.3566,9.4074,1.3566,9.4074
927,苛,ke1,PicPho,8,0.3781,6.4741,0.3781,6.4741
928,碳,tan4,PicPho,14,6.301,11.3136,6.301,11.3136
929,绞,jiao3,PicPho,9,0.5486,5.0864,0.5486,5.0864
930,姜,jiang1,PicPho,9,14.3217,35.8123,14.3217,35.8123
931,骐,qi2,PicPho,11,0.0667,0.3704,0.0667,0.3704
932,姥,lao3,PicPho,9,0.1186,23.5556,0.1186,23.5556
933,詹,zhan1,Other,13,0.8599,17.0123,0.8599,17.0123
934,卓,zhuo2,PicSyn,8,0.7413,27.5605,0.7413,27.5605
935,寥,liao2,PicPho,14,0.0148,3.363,0.0148,3.363
936,蓉,rong2,PicPho,13,1.2157,9.6494,1.2157,9.6494
937,偿,chang2,Other,11,1.49,20.7704,1.49,20.7704
938,媳,xi2,PicPho,13,0.0297,29.5654,0.0297,29.5654
939,埃,ai1,PicPho,10,2.4018,39.8963,2.4018,39.8963
940,彬,bin1,Other,11,0.4818,8.2272,0.4818,8.2272
941,锥,zhui1,PicPho,13,0.2446,1.8815,0.2446,1.8815
942,沐,mu4,PicPho,7,0.2076,10.1926,0.2076,10.1926
943,迪,di2,PicPho,8,8.0652,100.1827,8.0652,100.1827
944,非,fei1,Picto,8,139.9555,504.3506,486.5827000000001,1827.5012
945,找,zhao3,PicSyn,7,758.599,890.479,758.599,890.479
946,拳,quan2,Other,10,22.7502,35.921,22.7502,35.921
947,再,zai4,PicSyn,6,1598.5471,1282.6321,1598.5471,1282.6321
948,烘,hong1,PicPho,10,0.7339,7.0667,0.7339,7.0667
949,缶,fou3,Picto,6,0.0148,0.0642,115.6635,481.531
950,达,da2,PicPho,6,236.5456,526.2173,236.5456,526.2173
951,藕,ou3,PicPho,18,0.5041,6.5481,0.5041,6.5481
952,盾,dun4,Picto,9,5.1668,27.4321,5.1668,27.4321
953,傧,bin1,PicPho,12,0.0222,0.2222,0.0222,0.2222
954,播,bo1,PicPho,15,33.8473,185.6296,33.8473,185.6296
955,矣,yi3,Other,7,6.679,5.8272,6.679,5.8272
956,贪,tan1,PicPho,8,6.4566,38.3852,6.4566,38.3852
957,饼,bing3,PicPho,9,30.1334,62.8049,30.1334,62.8049
958,仲,zhong4,PicPho,6,5.5819,74.3259,5.5819,74.3259
959,疑,yi2,PicPho,14,4.8258,112.9037,4.8258,112.9037
960,梓,zi3,Other,11,0.0371,3.4469,0.0371,3.4469
961,绵,mian2,PicSyn,11,0.1483,29.2198,0.1483,29.2198
962,癌,ai2,PicPho,17,1.4678,28.4938,1.4678,28.4938
963,威,wei1,PicPho,9,3.5582,138.0198,3.5582,138.0198
964,樱,ying1,PicPho,15,0.4744,22.3457,0.4744,22.3457
965,莞,wan3,PicPho,10,0.0593,14.0494,0.0593,14.0494
966,雕,diao1,PicPho,16,0.7932,40.084,0.7932,40.084
967,赠,zeng4,PicPho,16,6.3973,38.4099,6.3973,38.4099
968,机,ji1,PicPho,6,28.8658,1506.3259,28.8658,1506.3259
969,咎,jiu4,PicSyn,8,0.126,2.1778,0.126,2.1778
970,曼,man4,Other,11,7.3462,69.2296,7.3462,69.2296
971,朴,piao2,PicPho,6,2.5945,20.4593,2.5945,20.4593
972,坏,huai4,Other,7,167.5834,203.1654,167.5834,203.1654
973,佬,lao3,PicPho,8,9.9481,47.9901,9.9481,47.9901
974,域,yu4,PicPho,11,0.5189,34.3111,0.5189,34.3111
975,忖,cun3,PicPho,6,0.0148,0.8938,0.0148,0.8938
976,恣,zi4,PicPho,10,0.0297,0.8741,0.0297,0.8741
977,蔵,cang2,Other,14,0.0371,0.0889,0.0371,0.0889
978,惺,xing1,PicPho,12,0.3484,3.9654,0.3484,3.9654
979,又,you4,Picto,2,2119.4589,1429.6346,16565.5379,33736.873600000006
980,良,liang2,PicSyn,7,4.3588,120.4741,4.3588,120.4741
981,龄,ling2,PicPho,13,0.6301,61.2691,0.6301,61.2691
982,喘,chuan3,PicPho,12,9.407,13.1259,9.407,13.1259
983,鲍,bao4,PicPho,13,3.7732,20.7259,3.7732,20.7259
984,建,jian4,PicSyn,9,21.1342,256.8,21.1342,256.8
985,瘾,yin3,PicPho,16,2.4759,33.679,2.4759,33.679
986,拍,pai1,PicPho,8,233.8992,286.2963,233.8992,286.2963
987,乔,qiao2,Other,6,71.3936,88.6074,71.3936,88.6074
988,劵,juan4,Other,8,0.0667,0.5284,0.0667,0.5284
989,欲,yu4,PicPho,11,37.0497,121.6889,37.0497,121.6889
990,潭,tan2,PicPho,15,0.3706,7.442,0.3706,7.442
991,园,yuan2,PicPho,7,6.8866,294.3407,6.8866,294.3407
992,拱,gong3,PicPho,9,1.6531,5.3728,1.6531,5.3728
993,当,dang4,Other,6,731.0526,1142.9679,731.0526,1142.9679
994,心,xin1,Picto,4,747.0274,3688.8741,8526.968400000002,21302.158000000003
995,贱,jian4,PicPho,9,7.0793,76.7111,7.0793,76.7111
996,僵,jiang1,PicPho,15,1.3417,35.1111,1.3417,35.1111
997,炉,lu2,PicPho,8,5.1075,34.3111,5.1075,34.3111
998,却,que4,PicPho,7,666.1453,452.479,666.1453,452.479
999,福,fu2,PicPho,14,64.0771,982.5136,64.0771,982.5136
